position,synthetic_profile_id,scope,input_hash,captured,visible_KOs,concrete_matched_KOs,necessary_missing_bindings,confirmed_contradiction_types,duplicate_event,unproven_source_fact_KOs,primary_outcome,fachlich_angenommen
1,test-kohorte-synthetik-bt-001,BT,4aecc6712553903161101687c6647ed649b96bd6cc4ed72304f5c115ccdd958d,yes,39,12,0,wrong-land-versus-municipal-jurisdiction,True,24,widerspruechlich,no
2,test-kohorte-synthetik-bt-002,BT,c2babdf9beecf54345ba0fcd77445b80b621d41730dc64dda82efc9938d6d62d,yes,47,4,0,source-relative-time-contradiction,False,39,widerspruechlich,no
3,test-kohorte-synthetik-bt-003,BT,dcca8cc804568c3a82a66e33a21b8a81dd49f54e712e7bce95ba2ce1f1e8d849,yes,36,11,0,wrong-land-versus-municipal-jurisdiction,False,26,widerspruechlich,no
4,test-kohorte-synthetik-bt-004,BT,e9cb1a3939d17acba66ef78375f0e453610ed840c2e4fec27f73be126d9bcd6f,yes,46,4,0,,False,37,fehlender-fachlicher-nachweis,no
5,test-kohorte-synthetik-bt-005,BT,82e6c923cc390ce65a6a4498455f08c0beb8732d7704acced6a8cbe79002fe08,yes,41,15,0,unrelated-source-association|wrong-land-versus-municipal-jurisdiction,False,30,widerspruechlich,no
6,test-kohorte-synthetik-bt-006,BT,17aec681ff75f147361512c6d6e0fc63dc1b191af756043f0dc236a3ca1ad5d9,yes,46,4,0,wrong-primary-source-association,False,38,widerspruechlich,no
7,test-kohorte-synthetik-bt-007,BT,d9dcb268acb765020b446031580c3316df2fe5f54bb3a01e87470bf5d52c9487,yes,36,13,0,wrong-land-versus-municipal-jurisdiction,True,23,widerspruechlich,no
8,test-kohorte-synthetik-bt-008,BT,2af110f6203f2587963656a671f958eecf82118cea7e1e299526be818d986b2f,yes,42,6,0,,False,36,fehlender-fachlicher-nachweis,no
9,test-kohorte-synthetik-bt-009,BT,59e055c8586da3452f5c02b72ed2f2f6d045e38b8f83905a105d55ac218ce3e2,yes,40,11,0,unrelated-source-association|wrong-land-versus-municipal-jurisdiction,False,30,widerspruechlich,no
10,test-kohorte-synthetik-bt-010,BT,28061fcbb18f4b235a144629496fa67906b9059942419be174a4e7897389933f,yes,45,4,0,source-relative-time-contradiction,False,35,widerspruechlich,no
11,test-kohorte-synthetik-bt-011,BT,c68d002cf8835effeed0084f7793a2781ef12116748b29db0094d0cc0dac23f1,yes,38,14,0,unrelated-source-association|wrong-land-versus-municipal-jurisdiction,False,24,widerspruechlich,no
12,test-kohorte-synthetik-bt-012,BT,b7aecc674e2f4ac516cd2ff8068183791b64d51415130f0bfe5d74dc2e3da8b2,yes,44,5,0,,True,36,doppelt,no
13,test-kohorte-synthetik-bt-013,BT,df6d77a53a13ef853e3455fe54bb219ac005f5b3dcd185e62cafd5f423f6d6c9,yes,41,14,0,wrong-land-versus-municipal-jurisdiction,False,29,widerspruechlich,no
14,test-kohorte-synthetik-bt-014,BT,33a1768197b9c3af2e6583fd448e11ff9d9c656770cc66608a6c697dd7fc18f5,yes,42,4,0,,False,33,fehlender-fachlicher-nachweis,no
15,test-kohorte-synthetik-bt-015,BT,c0912f9b7971449cd0a853f594de637fa64a4194b0402c3d3a4af46dd4841b87,yes,37,12,0,unrelated-source-association|wrong-land-versus-municipal-jurisdiction,False,27,widerspruechlich,no
16,test-kohorte-synthetik-bt-016,BT,62f19d1e425e82a43fbd22e9cbf76ca5086746d12e7d81b7c7cf5c6e84edd135,yes,44,6,0,,False,36,fehlender-fachlicher-nachweis,no
17,test-kohorte-synthetik-bt-017,BT,abf479ebd69b62361c626fcfaf05665f1e8112d74a606b9d142421ac357e8bd1,yes,42,12,0,wrong-land-versus-municipal-jurisdiction,False,30,widerspruechlich,no
18,test-kohorte-synthetik-bt-018,BT,61859a12c9562f836ac13c65e81a03ebdaf36dd4d1ff435fd37073537a85d0cc,yes,41,4,0,source-relative-time-contradiction,False,32,widerspruechlich,no
19,test-kohorte-synthetik-bt-019,BT,ee9d995d7efee726f9c51f6d7312f3c64fb82a755772cea60a2402ae040a1131,yes,37,11,0,wrong-land-versus-municipal-jurisdiction,False,25,widerspruechlich,no
20,test-kohorte-synthetik-bt-020,BT,3fbd1b96d940d9ff04f16f8d8744dfcf3be933748231f9736ebb61396f3fae6c,yes,43,5,0,,True,33,doppelt,no
21,test-kohorte-synthetik-bt-021,BT,91513f98d6d0c680c9668581c92a23557e65ccbb621690980d46e6fb727bce7d,yes,40,12,0,unrelated-source-association|wrong-land-versus-municipal-jurisdiction,False,27,widerspruechlich,no
22,test-kohorte-synthetik-bt-022,BT,42f32cc229fa2c27292a487132b3f26ca51751e187b9db96654f7735f362e0ec,yes,47,4,0,,False,39,fehlender-fachlicher-nachweis,no
23,test-kohorte-synthetik-bt-023,BT,f97080328c465d3b9bfceaadd13ad1e55f4ba9b551d8f5f3af4ca27e9c05fce3,yes,37,14,0,unrelated-source-association|wrong-land-versus-municipal-jurisdiction,True,24,widerspruechlich,no
24,test-kohorte-synthetik-bt-024,BT,7277fd359c51b01b1c32ba4837c2e710b9df910ca22b61ee90cdb07e2980f7ac,yes,43,5,0,,False,35,fehlender-fachlicher-nachweis,no
25,test-kohorte-synthetik-bt-025,BT,2526559e5aba7dc738397e3b5fa1edd2dda284be17b49e37942716cb8bc13b66,yes,39,10,0,wrong-land-versus-municipal-jurisdiction,False,27,widerspruechlich,no
26,test-kohorte-synthetik-bt-026,BT,35689196565a761260222d490700b82fcdfcdde21f125c51119a8a2a080e557d,yes,45,4,0,source-relative-time-contradiction,False,36,widerspruechlich,no
27,test-kohorte-synthetik-bt-027,BT,23eff40c09b0803a7e73f9d2c29f48e1671aa322c30c2ece43e4b86733b5fd33,yes,36,13,0,unrelated-source-association|wrong-land-versus-municipal-jurisdiction,False,26,widerspruechlich,no
28,test-kohorte-synthetik-bt-028,BT,523132cecf93cf669631a3aa846f58b7693969f9110c92cda2ca7a59ff014881,yes,44,7,0,,True,33,doppelt,no
29,test-kohorte-synthetik-bt-029,BT,607e31f7a50182298ce7d99ad609164ba6f373a581e90028a0c9dc5e2c5cb6ae,yes,40,11,0,unrelated-source-association,False,32,widerspruechlich,no
30,test-kohorte-synthetik-bt-030,BT,460be52478e8f8ee346832e68df07f856eeef7bdf3197d3c5146b2e01f5dc8f7,yes,43,4,0,source-relative-time-contradiction,False,34,widerspruechlich,no
31,test-kohorte-synthetik-bt-031,BT,b637e28e67a7f3bff9ed066d0d0bb50505775676c773c1ac1de33a2bcc1f2bfd,yes,37,13,0,wrong-land-versus-municipal-jurisdiction,True,24,widerspruechlich,no
32,test-kohorte-synthetik-bt-032,BT,0f73c0d9d1e36a159d9523f82a6fa7996fcdd00e15dfceaa8d1fbcd076c35faf,yes,45,6,0,wrong-land-versus-municipal-jurisdiction,False,38,widerspruechlich,no
33,test-kohorte-synthetik-bt-033,BT,fe75bc3ceb3234d25813ac4e4e6ab8840d94f457edb75d8b426c75cd888c3364,yes,42,11,0,unrelated-source-association|wrong-land-versus-municipal-jurisdiction,False,33,widerspruechlich,no
34,test-kohorte-synthetik-bt-034,BT,ca83c4f8865b28f5627f4c13dd734c604af15445e423d900a2a468ba79c63b04,yes,47,4,0,source-relative-time-contradiction,False,35,widerspruechlich,no
35,test-kohorte-synthetik-bt-035,BT,3bff42d57b0c9e51601acec8a4544205098e0c3566b2cef6d49b0a06a2efcb47,yes,39,12,0,unrelated-source-association|wrong-land-versus-municipal-jurisdiction,False,28,widerspruechlich,no
36,test-kohorte-synthetik-bt-036,BT,2d4735f5825919d1ffe8f4a42f6d7238a533ab53936bf6b2264a750a75613b45,yes,44,3,0,,True,36,doppelt,no
37,test-kohorte-synthetik-bt-037,BT,8acd4f32d37e8dc78453faca4c65553d3d2434a24088330d29c9aa81f7b79e05,yes,42,13,0,wrong-land-versus-municipal-jurisdiction|wrong-primary-source-association,False,28,widerspruechlich,no
38,test-kohorte-synthetik-bt-038,BT,bc39e74e623a92e01ae8c3d0878aa730bed49fe311a30e1b497ddfd48e0b344d,yes,44,4,0,,False,37,fehlender-fachlicher-nachweis,no
39,test-kohorte-synthetik-bt-039,BT,80f7282e4e3a44b0cb137722e3a1bd831fdfac4d90e56f2922282116119bb7ab,yes,38,12,0,unrelated-source-association|wrong-land-versus-municipal-jurisdiction,False,28,widerspruechlich,no
40,test-kohorte-synthetik-bt-040,BT,8616cb8fa5c17d5f68276ed897764b5bd7380a65e8505bf9f90b2c16c3005c09,yes,43,6,0,,False,35,fehlender-fachlicher-nachweis,no
41,test-kohorte-synthetik-bt-041,BT,5340e4c203e710fa552ec995718df4f4dff5881ae551697d4fbd0aafae1fdc63,yes,40,12,0,unrelated-source-association|wrong-land-versus-municipal-jurisdiction,False,30,widerspruechlich,no
42,test-kohorte-synthetik-bt-042,BT,090e5b1ae17fa9d8437058b7ba2b2414ee2b6945bb8390e8574639badc8bbc68,yes,45,3,0,source-relative-time-contradiction,False,34,widerspruechlich,no
43,test-kohorte-synthetik-bt-043,BT,ceec4351b6f387f7bafacd37bef1990a1efa9f0db151bb2e5ae5beced6a4dbda,yes,38,13,0,wrong-land-versus-municipal-jurisdiction,False,28,widerspruechlich,no
44,test-kohorte-synthetik-bt-044,BT,c97963d6845267f156600f0ec4f28224348781ac5229ca464a6eacd0e16a5f47,yes,43,5,0,,True,35,doppelt,no
45,test-kohorte-synthetik-bt-045,BT,1e82c92eca020e96dbf98e2b21eefa317dc91bb408b102b849eb636228f52855,yes,41,11,0,unrelated-source-association|wrong-land-versus-municipal-jurisdiction,False,29,widerspruechlich,no
46,test-kohorte-synthetik-bt-046,BT,7a0175e8327a5041c0a9ada3f43952e776259a6951830fbd29d7e163f5d96ccd,yes,44,4,0,,False,37,fehlender-fachlicher-nachweis,no
47,test-kohorte-synthetik-bt-047,BT,5e8e18f9c378a505da3f3973839e8184f79016d1c0749d4c58c2e28bb29884ce,yes,36,14,0,unrelated-source-association|wrong-land-versus-municipal-jurisdiction,True,23,widerspruechlich,no
48,test-kohorte-synthetik-bt-048,BT,a4f8ee2aabe0d1da1e0685a77a1a0460bc30ba8e5926e8f9a3fe558a2b9adeaa,yes,43,5,0,wrong-land-versus-municipal-jurisdiction,False,35,widerspruechlich,no
49,test-kohorte-synthetik-bt-049,BT,f663a591640809131c3b31546d1d023e7082acbb1217799b21e7c81d595f309d,yes,40,11,0,wrong-land-versus-municipal-jurisdiction,False,28,widerspruechlich,no
50,test-kohorte-synthetik-bt-050,BT,2d711bded11423057433b3ce75cfc9d02f3b0c857eb47dc7a48693e06fbf6e02,yes,44,4,0,source-relative-time-contradiction,False,35,widerspruechlich,no
51,test-kohorte-synthetik-bt-051,BT,771a9a8f5341859ddfe2ea8e6e6ed761f6231090eddd58a4acb24c5382998885,yes,37,13,0,unrelated-source-association|wrong-land-versus-municipal-jurisdiction,False,27,widerspruechlich,no
52,test-kohorte-synthetik-bt-052,BT,91913ca0f0448d77659e1df5a040edd8612914655db8557242755b1a1cdfe792,yes,46,4,0,,False,36,fehlender-fachlicher-nachweis,no
53,test-kohorte-synthetik-bt-053,BT,555e041704cc9157e4d2e19d0d86fcd0d030c519f773b3c39ca9c6adf9b169d3,yes,39,14,0,wrong-land-versus-municipal-jurisdiction,False,31,widerspruechlich,no
54,test-kohorte-synthetik-bt-054,BT,7289b4f7fe50211f61a8eb0d9da7f9d15b9b520b3701c9f59bfa76e57d90453e,yes,44,3,0,,False,35,fehlender-fachlicher-nachweis,no
55,test-kohorte-synthetik-bt-055,BT,8445c87b55f1e6e6097b7281a715691bf69e00fbb24492667abe6dcdb4475e46,yes,37,13,0,wrong-land-versus-municipal-jurisdiction,True,24,widerspruechlich,no
56,test-kohorte-synthetik-bt-056,BT,16b66baa9f6f90e81a2d4f606f8fe5b100475edbc7ee1f075e86540e7547776e,yes,44,6,0,,False,38,fehlender-fachlicher-nachweis,no
57,test-kohorte-synthetik-bt-057,BT,09944ce74b335e77ffe401474879dea36d58176e6261a1f8751f2e12050fa222,yes,42,11,0,wrong-land-versus-municipal-jurisdiction,False,32,widerspruechlich,no
58,test-kohorte-synthetik-bt-058,BT,a40d38d2fc7aa764bdee333f99e37f43bd4f3f32c157013094e70c96d5079510,yes,46,4,0,source-relative-time-contradiction,False,33,widerspruechlich,no
59,test-kohorte-synthetik-bt-059,BT,908c8f75219087f4537034ccdada868c6296a8d36666267a74ab88f1f9178e32,yes,38,13,0,unrelated-source-association|wrong-land-versus-municipal-jurisdiction,False,27,widerspruechlich,no
60,test-kohorte-synthetik-bt-060,BT,b3b5e63cf54400de887773525ef188cfeaa1eb0564ea9a35d2bf69705a6f9c39,yes,44,4,0,,False,35,fehlender-fachlicher-nachweis,no
61,test-kohorte-synthetik-bt-061,BT,ff00b2bd852e89f987168df578743add74d6f961c03959a9b84ce624c089561c,yes,42,14,0,wrong-land-versus-municipal-jurisdiction,False,30,widerspruechlich,no
62,test-kohorte-synthetik-bt-062,BT,f49085a618fe05b2eac41b451100feddb4513cde6dab5a0b4626379ebac7d9ca,yes,45,4,0,,False,37,fehlender-fachlicher-nachweis,no
63,test-kohorte-synthetik-bt-063,BT,04c806e41f227e64757038cbc2662642a2ffbb56f7ecc6dbc17e1b21fc02ab7c,yes,37,12,0,unrelated-source-association|wrong-land-versus-municipal-jurisdiction,False,27,widerspruechlich,no
64,test-kohorte-synthetik-bt-064,BT,cba61b7c89fa4a5e7752df7b7eedc208fefc2a72f58e5e3cd820bb8a05dc2955,yes,44,6,0,source-relative-time-contradiction,False,38,widerspruechlich,no
65,test-kohorte-synthetik-bt-065,BT,d5677465c4de3678ee93e389fd0d676278bcf3af9f6abac8541300ebf29a59d1,yes,42,12,0,unrelated-source-association|wrong-land-versus-municipal-jurisdiction,False,32,widerspruechlich,no
66,test-kohorte-synthetik-bt-066,BT,edafb8734cbcbf7652bc54c6f44e7ae540934b778c88a6c6cf5e81de96abbb7e,yes,43,4,0,source-relative-time-contradiction,False,33,widerspruechlich,no
67,test-kohorte-synthetik-bt-067,BT,15f56b0753775050d645650900b74b973d8515cf06a06c4672d5995bfe0e67fb,yes,38,12,0,wrong-land-versus-municipal-jurisdiction,False,25,widerspruechlich,no
68,test-kohorte-synthetik-bt-068,BT,f403a282cce8de1f155a742fbb0bc5794a7d68f000546a6c023e2252c8aecc8b,yes,42,5,0,,True,34,doppelt,no
69,test-kohorte-synthetik-bt-069,BT,b96728936ab3c631294b4b951e13206ce8dbc3dbaec4840476476adffdf91eca,yes,41,11,0,unrelated-source-association|wrong-land-versus-municipal-jurisdiction,False,30,widerspruechlich,no
70,test-kohorte-synthetik-bt-070,BT,e69046e7c20510eee187abadf15dbb920c4ddfd8d2264a08971cbe93adcd5fac,yes,46,4,0,,False,38,fehlender-fachlicher-nachweis,no
71,test-kohorte-synthetik-bt-071,BT,df4238af8ca0b57de9f40652c62160651240c4a223de16dd0bd0f41048df5dba,yes,42,12,0,unrelated-source-association|wrong-land-versus-municipal-jurisdiction,True,30,widerspruechlich,no
72,test-kohorte-synthetik-bt-072,BT,d964306920cc0d54f74461f131fbeb7cc42535f0f0c1c96d0162564b72b8285f,yes,41,5,0,,False,34,fehlender-fachlicher-nachweis,no
73,test-kohorte-synthetik-bt-073,BT,9d2e3635fb4b1fe626c318babed66339d22f5920c76d6b76e3036decabc9c9ba,yes,40,12,0,wrong-land-versus-municipal-jurisdiction,False,27,widerspruechlich,no
74,test-kohorte-synthetik-bt-074,BT,1a7ec7830e9a5db931677606b10da3fbe1c6bffb08d180b0b2abc86ddf516176,yes,46,4,0,source-relative-time-contradiction,False,38,widerspruechlich,no
75,test-kohorte-synthetik-bt-075,BT,bedf0220f0dff591d245178ade6c1b70002f5539a23182d2064ded2fcb53350f,yes,39,13,0,unrelated-source-association|wrong-land-versus-municipal-jurisdiction,False,28,widerspruechlich,no
76,test-kohorte-synthetik-bt-076,BT,1d35244cb3a09002a0b0d3f0d29d85865b2686ab128ea8ddabfb27dd045907f4,yes,46,4,0,,False,37,fehlender-fachlicher-nachweis,no
77,test-kohorte-synthetik-bt-077,BT,9856580f8c99ce2014fc4745b148a17b8e7b44b03deca5ba8a9e5ddce9634a15,yes,41,12,0,wrong-land-versus-municipal-jurisdiction,False,33,widerspruechlich,no
78,test-kohorte-synthetik-bt-078,BT,143e3264fe25fad8e8e04f012e600ff90c5eae9c1110856f7d39ebb8094b1407,yes,42,4,0,,False,34,fehlender-fachlicher-nachweis,no
79,test-kohorte-synthetik-bt-079,BT,a0b2eea0cd47bc11107efa6c7d937c4856d7544083f5e1c409a56304dab759e2,yes,37,12,0,wrong-land-versus-municipal-jurisdiction,True,25,widerspruechlich,no
80,test-kohorte-synthetik-bt-080,BT,66ebcc28f81e75d9d1ddfc9386c3f43f9bf4661d809009b608843b642682cca4,yes,44,6,0,,False,38,fehlender-fachlicher-nachweis,no
81,test-kohorte-synthetik-bt-081,BT,e2c8a21ad503b4fbb90acc58902b9f9ba7b8a043344ff0850aa10f8cb95c9a14,yes,40,11,0,unrelated-source-association|wrong-land-versus-municipal-jurisdiction,False,31,widerspruechlich,no
82,test-kohorte-synthetik-bt-082,BT,12d78a505b23da32b366a90d33300e521fc65a7fdb441c8376480efebfe3e6ae,yes,44,4,0,source-relative-time-contradiction,False,35,widerspruechlich,no
83,test-kohorte-synthetik-bt-083,BT,4666e54bab8c7f6d503dd7e1fd09cb4f33a47acaf4f635944a6de7ff4417f97e,yes,39,7,0,unrelated-source-association|wrong-land-versus-municipal-jurisdiction,False,31,widerspruechlich,no
84,test-kohorte-synthetik-bt-084,BT,79653da93946d49c584b4453478f40330ab61e816c2c274da5968982bec5ee5e,yes,40,6,0,,True,33,doppelt,no
85,test-kohorte-synthetik-bt-085,BT,6d06e09ea6664509025baf0f3fb9d3fc7a02580a68b526eec7f7b2c90fb4b7ec,yes,40,12,0,,False,28,fehlender-fachlicher-nachweis,no
86,test-kohorte-synthetik-bt-086,BT,b32fd5f5e42d98bdde85a855261812ec3f4146c53e0e2d597c29c122c46dfaf0,yes,43,4,0,,False,37,fehlender-fachlicher-nachweis,no
87,test-kohorte-synthetik-bt-087,BT,e7ce70f37adff470a3e23ee6ca17e695a2efb00221536e0ba336bb922f6ab38a,yes,35,11,0,wrong-land-versus-municipal-jurisdiction,True,24,widerspruechlich,no
88,test-kohorte-synthetik-bt-088,BT,5f65c17ae7f6bf9acdbdd0fc48048fe1c662e5df5230feb94179a366600f8e31,yes,44,5,0,,False,36,fehlender-fachlicher-nachweis,no
89,test-kohorte-synthetik-bt-089,BT,5a9c9c1a999f4e2ba9bb5bb1c4a3386a6b3103ffb92638a5af6b9ef4e36ca5e8,yes,38,12,0,unrelated-source-association|wrong-land-versus-municipal-jurisdiction,False,27,widerspruechlich,no
90,test-kohorte-synthetik-bt-090,BT,96f5883bccae9302e809f1ddffbbd79e48fc1b9e63aabe69ceb24f415f0bdb1e,yes,44,4,0,source-relative-time-contradiction,False,35,widerspruechlich,no
91,test-kohorte-synthetik-bt-091,BT,fee6e7cc53794bf5af88445e33727bd964855c9ecb3fe4932e3ce148eb12122b,yes,38,12,0,wrong-land-versus-municipal-jurisdiction,False,25,widerspruechlich,no
92,test-kohorte-synthetik-bt-092,BT,15e6cf0ed47e592dadef2dc0d03396ed931f8097cc67544d6874d1b180c60a21,yes,44,5,0,,True,35,doppelt,no
93,test-kohorte-synthetik-bt-093,BT,3e2a06a34bd7e88374bd9c6384b84eadb0c0f0052b1942a9d8dd7d751d79df34,yes,39,12,0,unrelated-source-association|wrong-land-versus-municipal-jurisdiction,False,29,widerspruechlich,no
94,test-kohorte-synthetik-bt-094,BT,b401406973b2228fd7bf2810a4b8ee61131694cf112c6d8e8f84b445ce183d41,yes,46,4,0,,False,39,fehlender-fachlicher-nachweis,no
95,test-kohorte-synthetik-bt-095,BT,e683c3c177175ab5f5224f2dcf20540f27e8db94565e3beea19f1e879c4ac1d4,yes,38,14,0,unrelated-source-association|wrong-land-versus-municipal-jurisdiction,True,26,widerspruechlich,no
96,test-kohorte-synthetik-bt-096,BT,fb4ecaaec57a6742e41d39ee6b29f1956697c1e90edcbf487bea2cee839b1515,yes,42,5,0,,False,36,fehlender-fachlicher-nachweis,no
97,test-kohorte-synthetik-bt-097,BT,47c690ff051db91d48355694c55592414b8071a26b6af55a4c20f47786897a93,yes,38,10,0,wrong-land-versus-municipal-jurisdiction,False,26,widerspruechlich,no
98,test-kohorte-synthetik-bt-098,BT,56704dc451c9584d22fb30954f3f25a1d30664afff64399fb530cbda1501577c,yes,45,4,0,source-relative-time-contradiction,False,36,widerspruechlich,no
99,test-kohorte-synthetik-bt-099,BT,dedb6e06bea950919827c94c0369f40c8188f0d6898c82616c0762829625cbed,yes,39,9,0,wrong-land-versus-municipal-jurisdiction,False,31,widerspruechlich,no
100,test-kohorte-synthetik-bt-100,BT,069b4d89edf4e76ab35cbfba71a5425de11997e4a94f74060332276edae0d7fb,yes,42,4,0,,False,36,fehlender-fachlicher-nachweis,no
101,test-kohorte-synthetik-bt-101,BT,358e44fa79024fcfe75b77d9125ef587e14f6e5ff79b080a9835126b17a5d933,yes,40,15,0,unrelated-source-association|wrong-land-versus-municipal-jurisdiction,False,29,widerspruechlich,no
102,test-kohorte-synthetik-bt-102,BT,7b9b1b4def7646de713cf9e1fd0089d14d61cef1ee35e03b474d5a49f5f4c146,yes,43,4,0,,False,35,fehlender-fachlicher-nachweis,no
103,test-kohorte-synthetik-bt-103,BT,281c343033e38b7a290588ba8bfda848f87c4d517b0666eb3d82f02979cc6b52,yes,36,11,0,wrong-land-versus-municipal-jurisdiction,True,23,widerspruechlich,no
104,test-kohorte-synthetik-bt-104,BT,b88aaa549518857477dfaa8be8a4531260c980b2564c387603fe320e22c9d067,yes,41,4,0,,False,36,fehlender-fachlicher-nachweis,no
105,test-kohorte-synthetik-bt-105,BT,10924ace9ecf6888dc49cc8c41563fdc0cccc843408acff47fb2d17e2ff89f9d,yes,42,11,0,unrelated-source-association|wrong-land-versus-municipal-jurisdiction,False,33,widerspruechlich,no
106,test-kohorte-synthetik-bt-106,BT,1e46d8847b94b1bc856431271c4fd4a3ee042e9a789db8ca23b0c14ce21a76e9,yes,45,4,0,source-relative-time-contradiction,False,35,widerspruechlich,no
107,test-kohorte-synthetik-bt-107,BT,35abb7f97ad3fbcaf80ee4f8996f50c5d3b3607fedfa42599854a98c1648ddeb,yes,38,13,0,wrong-land-versus-municipal-jurisdiction,False,29,widerspruechlich,no
108,test-kohorte-synthetik-bt-108,BT,a30cfb88a7a76e00a589ab4e634a216338422e1a2b7516998d0df88c91c50fe8,yes,43,5,0,,True,34,doppelt,no
109,test-kohorte-synthetik-bt-109,BT,58002d6f08453bac0657feedddffd11b374a95d91af79c0d3a8eb8ecce1f11c2,yes,42,13,0,wrong-land-versus-municipal-jurisdiction,False,31,widerspruechlich,no
110,test-kohorte-synthetik-bt-110,BT,254ef8c889a0bfd6a0f53adcfaa2bbbe6ecf14619edcf93fe38c17a274cf4eb0,yes,45,4,0,,False,38,fehlender-fachlicher-nachweis,no
111,test-kohorte-synthetik-bt-111,BT,fd787ddb6592f64e6f5380f9ee56abecade3025a6b1d147f5d56c8846cfc8c2c,yes,38,12,0,unrelated-source-association|wrong-land-versus-municipal-jurisdiction,False,27,widerspruechlich,no
112,test-kohorte-synthetik-bt-112,BT,750fa0998c7aadbf890097a9d3913e5bad016f70318332c0a4ae17ebd0a8e5b6,yes,42,6,0,,False,35,fehlender-fachlicher-nachweis,no
113,test-kohorte-synthetik-bt-113,BT,3df2c969c43ecf9cdd5ba779bd09e8c50f346576567a01cfbbdfdf97a256e10d,yes,39,12,0,unrelated-source-association,False,26,widerspruechlich,no
114,test-kohorte-synthetik-bt-114,BT,57c2b63829b11da83e74813978a593d7d3bc7d239740534053bf74adab68c7c4,yes,43,4,0,unrelated-source-association|source-relative-time-contradiction,False,36,widerspruechlich,no
115,test-kohorte-synthetik-bt-115,BT,640d1a57df7c31642fda46b5d8153e63c7ca1498f98734a1a6acae7fd0cafb71,yes,40,12,0,wrong-land-versus-municipal-jurisdiction,False,29,widerspruechlich,no
116,test-kohorte-synthetik-bt-116,BT,2597baacaea6602a8fa7cd0bcb0d8e4e74722e23aa6d3fa621cd624d593efcca,yes,41,6,0,,True,32,doppelt,no
117,test-kohorte-synthetik-bt-117,BT,490a2ea725dc8994d4a4558fc9adb2221186ed911a089cdaa61482a332e820bc,yes,40,9,0,unrelated-source-association,False,30,widerspruechlich,no
118,test-kohorte-synthetik-bt-118,BT,ff019cd0a781ecfd6afc8cde5d706de2f05fd9ff92a013742319a18ab16c898c,yes,44,4,0,,False,35,fehlender-fachlicher-nachweis,no
119,test-kohorte-synthetik-bt-119,BT,82be13a74685120a7d742364a63a43c5a6f5bdac38150b28bfe76d355ef02596,yes,38,15,0,unrelated-source-association|wrong-land-versus-municipal-jurisdiction,True,26,widerspruechlich,no
120,test-kohorte-synthetik-bt-120,BT,6b2fec1e2dcdf0626041adb7ce16fbb06ddfaea91e171e82c01beaf80d5ba68e,yes,42,5,0,,False,35,fehlender-fachlicher-nachweis,no
121,test-kohorte-synthetik-bt-121,BT,7eee2d1a57dc2a2d444bb24223887d6d9a5eef6e65df5fca1390b39fe933fa15,yes,39,11,0,wrong-land-versus-municipal-jurisdiction,False,27,widerspruechlich,no
122,test-kohorte-synthetik-bt-122,BT,8ea494109e67dd13667685465ee00f470c5aca7775006114ae9e5d1d4b31ba0a,yes,44,4,0,wrong-primary-source-association|source-relative-time-contradiction,False,35,widerspruechlich,no
123,test-kohorte-synthetik-bt-123,BT,444797142a007a0a0b38eff17dc7f11ce4734d0cd1c50e4b4d4a343edeb39d72,yes,40,13,0,unrelated-source-association|wrong-land-versus-municipal-jurisdiction,False,30,widerspruechlich,no
124,test-kohorte-synthetik-bt-124,BT,3d100c071b575022a772db45bf9f25ff5c067a419c3021a6eb5cf56cab3f7c1d,yes,45,5,0,,False,35,fehlender-fachlicher-nachweis,no
125,test-kohorte-synthetik-bt-125,BT,a43ac248953862ea691a60514d12449710601e685856bc46a8cbe72ac9670416,yes,39,13,0,wrong-land-versus-municipal-jurisdiction,False,28,widerspruechlich,no
126,test-kohorte-synthetik-bt-126,BT,8cfaa6580df654df6f49742fbc7e21f7c8b3200b6731c1b9551526abb9b79b5b,yes,44,4,0,,False,37,fehlender-fachlicher-nachweis,no
127,test-kohorte-synthetik-bt-127,BT,99a02d398ddd1405fb0b7d819d04203e70fa188a7102ca54a3cfc80f6a750190,yes,36,12,0,wrong-land-versus-municipal-jurisdiction,True,25,widerspruechlich,no
128,test-kohorte-synthetik-bt-128,BT,f741e6659d6498791fb45ca6f2f7e2390ce9e238bebadfa26750deaaa8fab713,yes,42,6,0,,False,36,fehlender-fachlicher-nachweis,no
129,test-kohorte-synthetik-bt-129,BT,289db0f2c90d0ad0986073d72b9b45c40e685a1836eb15122b0b71be1a01a8c6,yes,43,11,0,unrelated-source-association|wrong-land-versus-municipal-jurisdiction,False,34,widerspruechlich,no
130,test-kohorte-synthetik-bt-130,BT,c5569d5abb61b036b1f292a406e5fb8306aea92c0982a61607caef8886281de7,yes,46,4,0,,False,34,fehlender-fachlicher-nachweis,no
131,test-kohorte-synthetik-bt-131,BT,7575243b203b1b8e10a32433e6e2e29c56f1b47287ed2fc1fb33c5a0789dcd39,yes,37,12,0,wrong-land-versus-municipal-jurisdiction,False,26,widerspruechlich,no
132,test-kohorte-synthetik-bt-132,BT,19aff07962bd741103d2d4dac42083444f535e0c2bb2ce9575179bbe192e8b2d,yes,44,6,0,,True,34,doppelt,no
133,test-kohorte-synthetik-bt-133,BT,bd59b89e0b2e37eabb29808620b6fe25a8a32964fad88ad5eecf64090efd0671,yes,42,13,0,wrong-land-versus-municipal-jurisdiction,False,30,widerspruechlich,no
134,test-kohorte-synthetik-bt-134,BT,62f7a888bbd6a9be81f61034dc3738fd6032cf3a38551a2572cd2a8c2b9ba43b,yes,44,4,0,,False,38,fehlender-fachlicher-nachweis,no
135,test-kohorte-synthetik-bt-135,BT,49f76f91302c71e70dc285e1be610b1f383f90aca36c265b3034d9add5bc88fb,yes,36,12,0,unrelated-source-association|wrong-land-versus-municipal-jurisdiction,False,25,widerspruechlich,no
136,test-kohorte-synthetik-bt-136,BT,1de2b54949edee8395579ee28a0f2f90ac2437f4cf3a2145af61ca4a9dc83586,yes,44,6,0,,False,36,fehlender-fachlicher-nachweis,no
137,test-kohorte-synthetik-bt-137,BT,edbce8739f93ab6c0d9c2ecd35608088c4cb9ac6d299937b34cc95d8e5972a55,yes,39,12,0,unrelated-source-association|wrong-land-versus-municipal-jurisdiction,False,28,widerspruechlich,no
138,test-kohorte-synthetik-bt-138,BT,4770a8ff0c4a1d7de604164f3019ec8f7177082147046a0a9b1e70f25ca64b2c,yes,42,4,0,source-relative-time-contradiction,False,31,widerspruechlich,no
139,test-kohorte-synthetik-bt-139,BT,e94608857c53a7e5fdfdd2cfc336fb60705ae63805fd78f0598465abef79d9a9,yes,39,11,0,wrong-land-versus-municipal-jurisdiction,False,26,widerspruechlich,no
140,test-kohorte-synthetik-bt-140,BT,6eaacd8d5eb499744358eed0cd63c60973ef77f1a93707015c7f5962ef614e34,yes,41,5,0,,True,32,doppelt,no
141,test-kohorte-synthetik-bt-141,BT,ddff7371e724d2f8688b5338866248eada4b15062cfd33bf51760a444224bd3e,yes,42,12,0,unrelated-source-association|wrong-land-versus-municipal-jurisdiction,False,31,widerspruechlich,no
142,test-kohorte-synthetik-bt-142,BT,b83108771af09b5924ee6eeaad9760e152ba320af5ca9b4fc05dba6cbc055b4b,yes,45,4,0,,False,36,fehlender-fachlicher-nachweis,no
143,test-kohorte-synthetik-bt-143,BT,75c5bf45a42fe206d96f30f9bf89ea5ac5fd21aaa056ecc4ea7e49028166630c,yes,37,14,0,unrelated-source-association|wrong-land-versus-municipal-jurisdiction,True,25,widerspruechlich,no
144,test-kohorte-synthetik-bt-144,BT,a607dbf57d7ee384cc437cf0b95d40b23a516b74560e41bfb7912a2e38bcd352,yes,42,6,0,,False,33,fehlender-fachlicher-nachweis,no
145,test-kohorte-synthetik-bt-145,BT,7301ff61c9880b6542d2fcef91b63673f5423741b810422b970e6962d431dcda,yes,40,11,0,wrong-land-versus-municipal-jurisdiction,False,29,widerspruechlich,no
146,test-kohorte-synthetik-bt-146,BT,8f76fa5aa946e52e2b6f51e7464bc55c63dfa2c8fb14050be84da5df44f79ba6,yes,45,4,0,source-relative-time-contradiction,False,37,widerspruechlich,no
147,test-kohorte-synthetik-bt-147,BT,66dcb32a4a1402f62f5585ba89f7a6ce7d373da338c068c378abcc0c1f36902d,yes,38,13,0,unrelated-source-association|wrong-land-versus-municipal-jurisdiction,False,29,widerspruechlich,no
148,test-kohorte-synthetik-bt-148,BT,4d4a7a115718e585fd4cfe0176553f2cc171abf44f2c35da8829be81ef0b69de,yes,42,4,0,,False,36,fehlender-fachlicher-nachweis,no
149,test-kohorte-synthetik-bt-149,BT,17737247f891c3e346f607e6e64f08dd615f8ab967cf17e62d70f8d58a3df0db,yes,40,13,0,unrelated-source-association,False,30,widerspruechlich,no
150,test-kohorte-synthetik-bt-150,BT,fd4706fa7c4d55f5dc4320ccb3b049f6b7979d701a691bd444e9b113ee7a4cee,yes,42,4,0,,False,33,fehlender-fachlicher-nachweis,no
151,test-kohorte-synthetik-bt-151,BT,5d22089a6ac9bc1567460cce6f151168bcd24d3121c34f5c19278d6d7730ccc7,yes,37,13,0,wrong-land-versus-municipal-jurisdiction,True,24,widerspruechlich,no
152,test-kohorte-synthetik-bt-152,BT,0c306bd10c129b732d802e275d68a05642bc6cb4c3b238c9a65552acf56aaa00,yes,43,6,0,,False,37,fehlender-fachlicher-nachweis,no
153,test-kohorte-synthetik-bt-153,BT,7c7ef6cc731e9ec9fbce69cc6e9c37aa8fc1db7e0ee5cec3285eb630bb14c252,yes,41,12,0,unrelated-source-association|wrong-land-versus-municipal-jurisdiction,False,31,widerspruechlich,no
154,test-kohorte-synthetik-bt-154,BT,c99b81a6bd58d2431565cb1cdeb23079168bef5cc6648ac376afe115e87b06eb,yes,44,4,0,source-relative-time-contradiction,False,33,widerspruechlich,no
155,test-kohorte-synthetik-bt-155,BT,eff0241e79790b4497aa23157b57f9d2705c2809ed100069175286357cdc82bd,yes,37,13,0,unrelated-source-association|wrong-land-versus-municipal-jurisdiction,False,27,widerspruechlich,no
156,test-kohorte-synthetik-bt-156,BT,6a25489c93bd5d83038ec7ca1f37760c5b68f481bfbf21ba359772c11cd9c158,yes,42,5,0,,True,34,doppelt,no
157,test-kohorte-synthetik-bt-157,BT,e7787718063ac2e3d84c6c3a4209eb85a582a56ff8b30e9393f04229f541814b,yes,40,14,0,wrong-land-versus-municipal-jurisdiction,False,26,widerspruechlich,no
158,test-kohorte-synthetik-bt-158,BT,02afd21b16173303c56ee2e4e802a5ccfbfd6cdf99001ab471b97396e5a77224,yes,45,4,0,wrong-primary-source-association,False,37,widerspruechlich,no
159,test-kohorte-synthetik-bt-159,BT,665dff0612032acdfd06f16a7f3b12b8792b1636ea60565af7b36cd787d6dc43,yes,35,12,0,unrelated-source-association|wrong-land-versus-municipal-jurisdiction,False,25,widerspruechlich,no
160,test-kohorte-synthetik-bt-160,BT,cd74870148ddb9580f5258a913b84919a95bf501255407e2a79bc8cff9ac421c,yes,40,6,0,unrelated-source-association,False,34,widerspruechlich,no
161,test-kohorte-synthetik-bt-161,BT,3e30a7b5a13ac711aed175dfb6009ce32d71f7cb24211f39ae7d9af7de4a2b33,yes,40,10,0,,False,32,fehlender-fachlicher-nachweis,no
162,test-kohorte-synthetik-bt-162,BT,9ed7b5ba504d17047e534ccf192be85173f779c36831efc779c1210f3cf7695c,yes,43,4,0,source-relative-time-contradiction,False,34,widerspruechlich,no
163,test-kohorte-synthetik-bt-163,BT,de3229d628aa0bdd75b7b386756cf189e281614e38b971522232e94eaabc1d0c,yes,36,13,0,wrong-land-versus-municipal-jurisdiction,False,24,widerspruechlich,no
164,test-kohorte-synthetik-bt-164,BT,d14746e34a0acbda9ba7c2bef5d0755802e9b5d3912baa2030cabed6da7d4c3f,yes,41,5,0,,True,34,doppelt,no
165,test-kohorte-synthetik-bt-165,BT,e41073d85e1465f67f2d1d2163c2240738fba7ca51fc5aeefd4e7ae3141860a9,yes,41,11,0,unrelated-source-association|wrong-land-versus-municipal-jurisdiction,False,30,widerspruechlich,no
166,test-kohorte-synthetik-bt-166,BT,7d3c066811c44673904c011a8e5b5f65ab4e4d23b82bc30537334ff385c3f800,yes,43,4,0,,False,35,fehlender-fachlicher-nachweis,no
167,test-kohorte-synthetik-bt-167,BT,fe2fc426873a5847aa47f5aa4779674955cde443b98133e5dd912ebe2261c0fb,yes,36,14,0,unrelated-source-association|wrong-land-versus-municipal-jurisdiction,True,24,widerspruechlich,no
168,test-kohorte-synthetik-bt-168,BT,919c10f23a9f2878e21b3b9e1b053b9097caaf2c518e5809a922742d133f7231,yes,44,5,0,source-relative-time-contradiction,False,35,widerspruechlich,no
169,test-kohorte-synthetik-bt-169,BT,a83232f47df2054d71d0802f0df3127c31f726a80471abe6636c2db604b1c3f3,yes,39,10,0,wrong-land-versus-municipal-jurisdiction,False,29,widerspruechlich,no
170,test-kohorte-synthetik-bt-170,BT,97ecc74a5dcfe049da907966378b2bae9464608b572137c60e6eb98c57f50e3d,yes,44,4,0,source-relative-time-contradiction,False,35,widerspruechlich,no
171,test-kohorte-synthetik-bt-171,BT,b1b002bc326bb89f5a9aeb53b2e487efd8c336a449730a3d3aa14ee75d74aa6d,yes,39,13,0,unrelated-source-association|wrong-land-versus-municipal-jurisdiction,False,28,widerspruechlich,no
172,test-kohorte-synthetik-bt-172,BT,c66679abd69aab9e39d07042d0322a3869860f61364ad3d88cde7e08aefb7704,yes,45,5,0,,False,35,fehlender-fachlicher-nachweis,no
173,test-kohorte-synthetik-bt-173,BT,48319ca06929267e59d16c781d77465cda233417507bb73edb816f49c17a1729,yes,42,13,0,wrong-land-versus-municipal-jurisdiction,False,30,widerspruechlich,no
174,test-kohorte-synthetik-bt-174,BT,d021ea9882dc578fc7341e31db09fbbb82b95ce7e363d073ac936d37c29da29c,yes,43,4,0,,False,35,fehlender-fachlicher-nachweis,no
175,test-kohorte-synthetik-bt-175,BT,0aa42c47c0a6c77d595c77cb5879c60a2f34ad16c3efb0c399fd2323d0a0b894,yes,37,13,0,wrong-land-versus-municipal-jurisdiction,True,24,widerspruechlich,no
176,test-kohorte-synthetik-bt-176,BT,c366658f1ecd77fb906375f1aa39c36aba02f431bf24f450e301c8d2e388d7d2,yes,43,6,0,,False,37,fehlender-fachlicher-nachweis,no
177,test-kohorte-synthetik-bt-177,BT,d6bf35873762025eb3ce1dc40f5d5211ce3b33d34c04f36d2d851168f525ee55,yes,40,10,0,wrong-land-versus-municipal-jurisdiction,False,31,widerspruechlich,no
178,test-kohorte-synthetik-bt-178,BT,111e04f7d2e88bd0bd5941a57da2d1c73d93139928359c8b84cc5ba2e5e5c3b3,yes,45,4,0,source-relative-time-contradiction,False,36,widerspruechlich,no
179,test-kohorte-synthetik-bt-179,BT,db72cbc482f7c592305ae323a9a9de2ca55728162b57ee5aa68ea790f9a107c3,yes,38,13,0,unrelated-source-association|wrong-land-versus-municipal-jurisdiction,False,26,widerspruechlich,no
180,test-kohorte-synthetik-bt-180,BT,7ea437deebb7ff163d66c04a18f2dbe3aa5178e792b08f1fd1df4e6bd5848d56,yes,44,5,0,,True,34,doppelt,no
181,test-kohorte-synthetik-bt-181,BT,251fb5507a465a4190e1daf8b9aa90cec58b54ca03bf2863d94e185a374ddca1,yes,41,15,0,wrong-land-versus-municipal-jurisdiction,False,28,widerspruechlich,no
182,test-kohorte-synthetik-bt-182,BT,883eb97d62d42ea2ffb07286f085dd9bedab68a956e2b87b93e820da9cd5a818,yes,44,4,0,,False,38,fehlender-fachlicher-nachweis,no
183,test-kohorte-synthetik-bt-183,BT,3e0a2dada54cec3a9b99be4833e955445c96c132cc5e05b186d31b37512a974a,yes,35,12,0,unrelated-source-association|wrong-land-versus-municipal-jurisdiction,False,25,widerspruechlich,no
184,test-kohorte-synthetik-bt-184,BT,f8566e44fc16050759e459e7af11127b67918668852c67ecb3fa2012bdcdfda9,yes,44,6,0,,False,34,fehlender-fachlicher-nachweis,no
185,test-kohorte-synthetik-bt-185,BT,6ba0a7d5837fb397fb60a369a986bee85504aaab28fd3effeb339175685a3df9,yes,41,11,0,unrelated-source-association|wrong-land-versus-municipal-jurisdiction,False,31,widerspruechlich,no
186,test-kohorte-synthetik-bt-186,BT,61bc2c5c13ca33d42146dcca9c86e760c54a6bfb1260165c0b747f173d84f8aa,yes,46,4,0,source-relative-time-contradiction,False,34,widerspruechlich,no
187,test-kohorte-synthetik-bt-187,BT,0237e7fe87ea1c3ab17c9c66c2e15be80862f5525e1cfd83cfc5ddafd4f6a750,yes,36,12,0,wrong-land-versus-municipal-jurisdiction,False,24,widerspruechlich,no
188,test-kohorte-synthetik-bt-188,BT,536071a987bed10f371eec3fae2d980cb236e7ef659e4adff08d75ddab3e66d7,yes,42,5,0,,True,35,doppelt,no
189,test-kohorte-synthetik-bt-189,BT,d3c8b38eca1398a19d9088563898cf546da4d89fb36a627f0017f19481a38e02,yes,41,11,0,unrelated-source-association|wrong-land-versus-municipal-jurisdiction,False,31,widerspruechlich,no
190,test-kohorte-synthetik-bt-190,BT,9d1862e14b87d4b9c9e7b531d48f5dfefea672bfc9581f7e5de8fca32be0ce84,yes,46,4,0,,False,38,fehlender-fachlicher-nachweis,no
191,test-kohorte-synthetik-bt-191,BT,27808e32f6c3953f676c0aa84a890783446dab429c9fa34abf29139a6d89d494,yes,38,15,0,unrelated-source-association|wrong-land-versus-municipal-jurisdiction,True,25,widerspruechlich,no
192,test-kohorte-synthetik-bt-192,BT,4b428f00ac9266fc07d4d3f1846d3b9a29310ba49c06c126eee5c80d374df106,yes,44,5,0,,False,36,fehlender-fachlicher-nachweis,no
193,test-kohorte-synthetik-bt-193,BT,1980299d6b320d54c26f699b42dbcb5958e9024703f3b6b6518377392d3f23d8,yes,41,10,0,wrong-land-versus-municipal-jurisdiction,False,28,widerspruechlich,no
194,test-kohorte-synthetik-bt-194,BT,912dd28a3ba783d143e5a59d6d82ceed47af2b5f489f3916f85fe1d63fc9edd7,yes,44,4,0,wrong-primary-source-association|source-relative-time-contradiction,False,34,widerspruechlich,no
195,test-kohorte-synthetik-bt-195,BT,db0ce937212b20d3789757e74565b8e461ed1c96847779acaaee62814c150be7,yes,37,13,0,unrelated-source-association|wrong-land-versus-municipal-jurisdiction,False,28,widerspruechlich,no
196,test-kohorte-synthetik-bt-196,BT,95eaac54be5b7e400578c392abf58a24a6ec237a4225f3967d0aec3f3eceeee3,yes,45,4,0,,False,40,fehlender-fachlicher-nachweis,no
197,test-kohorte-synthetik-bt-197,BT,88d059ee0af4db4615492d931f202c7f7175761e5a1a1e2fef0de4af23a98711,yes,40,11,0,unrelated-source-association,False,32,widerspruechlich,no
198,test-kohorte-synthetik-bt-198,BT,44a7417effbda705cb1f64d6bb9e4a2c9ffde49992cb587bcd4ab95615467f77,yes,42,4,0,,False,34,fehlender-fachlicher-nachweis,no
199,test-kohorte-synthetik-bt-199,BT,495399e0490358b9c979f0a8c904cab08ad4ffd11534f2a2bd3983a952a30c47,yes,38,13,0,wrong-land-versus-municipal-jurisdiction,True,24,widerspruechlich,no
200,test-kohorte-synthetik-bt-200,BT,e5c499eafd008957919411d1133a49fd61aac9be0d51a61ac36c0ccb5f2f5eaf,yes,43,6,0,,False,37,fehlender-fachlicher-nachweis,no
201,test-kohorte-synthetik-bt-201,BT,f70c49762a8e33eeaa86042c91b529ca6d67cc40d90989e1513ca1131e5b7c9c,yes,40,8,0,,False,32,fehlender-fachlicher-nachweis,no
202,test-kohorte-synthetik-bt-202,BT,f33a27c2f0c8d63cd45b732ac9a464f4ffb4540c0218683ed026d7ecac6e8ef3,yes,47,4,0,source-relative-time-contradiction,False,35,widerspruechlich,no
203,test-kohorte-synthetik-bt-203,BT,b97e5760410d68c6e4ac27d0149693c91b03f87f454d511a0773ace0079a592f,yes,38,12,0,unrelated-source-association|wrong-land-versus-municipal-jurisdiction,False,27,widerspruechlich,no
204,test-kohorte-synthetik-bt-204,BT,a0262c87b190b35aa1fef2a8a0b39140e712cb8e9cced7a91a831237aa6cb1c1,yes,45,5,0,,True,36,doppelt,no
205,test-kohorte-synthetik-bt-205,BT,3a902d1ddfca4d29cf7f7aeaa6d38e3d8478933357f7f646822f090f60308208,yes,42,14,0,wrong-land-versus-municipal-jurisdiction,False,28,widerspruechlich,no
206,test-kohorte-synthetik-bt-206,BT,4c02982607638b0686785186dbd66cb59d062f4afad0f58cadf4e5b6ba0026bb,yes,44,4,0,,False,36,fehlender-fachlicher-nachweis,no
207,test-kohorte-synthetik-bt-207,BT,1f51494ce2e4e52adaf3a6ad5ae62fe1afb608944d32e1af8c699b95f1ca3534,yes,35,13,0,unrelated-source-association|wrong-land-versus-municipal-jurisdiction,False,23,widerspruechlich,no
208,test-kohorte-synthetik-bt-208,BT,4820116427fe4c0b6e7980700c2e6cb6700426facccfda6d49214b251944ccf4,yes,44,6,0,,False,36,fehlender-fachlicher-nachweis,no
209,test-kohorte-synthetik-bt-209,BT,55cfd405cc4fb2f6c468130f1c3986a47b59c9ba86ef3ce85144b240b39b529f,yes,43,10,0,,False,33,fehlender-fachlicher-nachweis,no
210,test-kohorte-synthetik-bt-210,BT,b14d0bd1f9465d50ad49914c0e3fedf1813c81d95c5fbe5b77a5cce628497dc3,yes,45,4,0,source-relative-time-contradiction,False,34,widerspruechlich,no
211,test-kohorte-synthetik-bt-211,BT,f42cfd3298654cce8302cdcd6cc10ed3f3af6137d64d5789e4b13e4f3d5d5b99,yes,35,12,0,wrong-land-versus-municipal-jurisdiction,False,25,widerspruechlich,no
212,test-kohorte-synthetik-bt-212,BT,9e90edc5d7ec1e3bdac07fe0e77d3fd3665be0ff098d56bb854bf4065a7ed3a9,yes,43,5,0,,True,34,doppelt,no
213,test-kohorte-synthetik-bt-213,BT,0a22aaeacf2711946570fb2e87c572a59ad8f20b914f2fd9680893ad9e8c2877,yes,42,12,0,unrelated-source-association|wrong-land-versus-municipal-jurisdiction,False,32,widerspruechlich,no
214,test-kohorte-synthetik-bt-214,BT,b2e94fbd6c91d072726849acdfb9a7dc81493726643b72354ac00f79e8a2375a,yes,46,4,0,,False,39,fehlender-fachlicher-nachweis,no
215,test-kohorte-synthetik-bt-215,BT,66890de6f06fcf89d3462a2535b333bbd8dc7a7009bf1dfd1ba59007d404c967,yes,35,13,0,unrelated-source-association|wrong-land-versus-municipal-jurisdiction,True,20,widerspruechlich,no
216,test-kohorte-synthetik-bt-216,BT,26c84c175000765b173cc790345f38306c48f299696c64c939def048ea360180,yes,43,5,0,,False,36,fehlender-fachlicher-nachweis,no
217,test-kohorte-synthetik-bt-217,BT,1e6d8516493ba3bf6d6df8aa5706f5f4c599cc972e24433136dbd4be403fa660,yes,40,11,0,wrong-land-versus-municipal-jurisdiction,False,28,widerspruechlich,no
218,test-kohorte-synthetik-bt-218,BT,0a732bc6c46f0d076629e33ccf6fafac6d3a50a5b588935e36d7e0cb0000c4f0,yes,45,4,0,source-relative-time-contradiction,False,36,widerspruechlich,no
219,test-kohorte-synthetik-bt-219,BT,0a297fc677664c8a7a2e0a9ab1bf42c4e2a30c78f18cfe0370e5784364220bb5,yes,40,10,0,unrelated-source-association|wrong-land-versus-municipal-jurisdiction|wrong-primary-source-association,False,27,widerspruechlich,no
220,test-kohorte-synthetik-bt-220,BT,ef523e5a40247c129ac5e94ed7ee11e8d396e204c46baf7b5dfb8f58c71eb2a5,yes,46,4,0,,False,35,fehlender-fachlicher-nachweis,no
221,test-kohorte-synthetik-bt-221,BT,700d86d741db6085042a0650bc8320596390b9a6ad793fc3660ba60b0926d724,yes,41,15,0,unrelated-source-association|wrong-land-versus-municipal-jurisdiction,False,30,widerspruechlich,no
222,test-kohorte-synthetik-bt-222,BT,5b050fb4a55b648857c9c4691697fb583c0d23505abfd72473439a3533da2b57,yes,41,4,0,,False,34,fehlender-fachlicher-nachweis,no
223,test-kohorte-synthetik-bt-223,BT,d1a877e461843a10913e3dbf40a56d5302a2dacb1d23b826ef97df6b2dff2c4a,yes,36,13,0,wrong-land-versus-municipal-jurisdiction,True,23,widerspruechlich,no
224,test-kohorte-synthetik-bt-224,BT,291a998ae5135a6fe8f146759b0b35069e8100076538d2e0353eb318a8abfab4,yes,42,6,0,,False,36,fehlender-fachlicher-nachweis,no
225,test-kohorte-synthetik-bt-225,BT,817d0b4b2511471e2fb796386836c83f4d406979e9023755873cc2e6c50b862c,yes,42,10,0,unrelated-source-association|wrong-land-versus-municipal-jurisdiction,False,33,widerspruechlich,no
226,test-kohorte-synthetik-bt-226,BT,5dea787cff48c0e93da51edad05ccb32e3ac12da0c4bf5e08a796b29f8a790d3,yes,43,4,0,wrong-primary-source-association|unrelated-source-association|source-relative-time-contradiction,False,32,widerspruechlich,no
227,test-kohorte-synthetik-bt-227,BT,3b6fad66075baedd838bb2cb363db3ef411257378c8a2b540d2bcd9cb3aa1103,yes,37,13,0,unrelated-source-association|wrong-land-versus-municipal-jurisdiction,False,26,widerspruechlich,no
228,test-kohorte-synthetik-bt-228,BT,7749c48c5ce299e008f87c72c6292605ada1d0a4409accc8a4f74a85076d7849,yes,44,5,0,,True,38,doppelt,no
229,test-kohorte-synthetik-bt-229,BT,bb44f7e54f0efabb6995de0c1ec033219dcd70675679a70cd675d28a3e8066f9,yes,41,14,0,wrong-land-versus-municipal-jurisdiction,False,27,widerspruechlich,no
230,test-kohorte-synthetik-bt-230,BT,c339f37beac3b447d36fa13e34e9c78b04783d8dbcce971f1991cf673bfab64a,yes,46,4,0,,False,38,fehlender-fachlicher-nachweis,no
231,test-kohorte-synthetik-bt-231,BT,5ebac6205396b4303b238f13f6c37df35dcf4e200cd27338bca6f174cec69da5,yes,38,13,0,unrelated-source-association|wrong-land-versus-municipal-jurisdiction,True,27,widerspruechlich,no
232,test-kohorte-synthetik-bt-232,BT,5b363efd582d6a24533be8e64aa7d71e089823ebd70dbc53ebdf3ec67f2fccca,yes,44,6,0,,False,36,fehlender-fachlicher-nachweis,no
233,test-kohorte-synthetik-bt-233,BT,12e97564520ae99718a901a45bc7d71d290d4b44860ac99fb9ea9fd267f1ad69,yes,38,12,0,unrelated-source-association|wrong-land-versus-municipal-jurisdiction,False,27,widerspruechlich,no
234,test-kohorte-synthetik-bt-234,BT,907668a4b07a2529706dd817094fc22b66f256842ce0a465107cf9730dd33929,yes,43,4,0,source-relative-time-contradiction,False,34,widerspruechlich,no
235,test-kohorte-synthetik-bt-235,BT,30012b5c1ed4f58699b430683c891f6020ad95ae654d7d7c22104af15cc4609f,yes,37,12,0,wrong-land-versus-municipal-jurisdiction,False,24,widerspruechlich,no
236,test-kohorte-synthetik-bt-236,BT,2b4e0d7e5a152a185cc9526063be48228f8ed979dfcff5b125278bd44c905c69,yes,44,5,0,,True,35,doppelt,no
237,test-kohorte-synthetik-bt-237,BT,2306c7608347ff2f865fdac35823fa3cfe11b615c6f6333a2732d09fdf0a87cb,yes,44,11,0,unrelated-source-association|wrong-land-versus-municipal-jurisdiction,False,34,widerspruechlich,no
238,test-kohorte-synthetik-bt-238,BT,1e9034636c2983decad839ad1383c9f53f602d16c6bd9f3aebf2e391ec2d673b,yes,48,4,0,source-relative-time-contradiction,False,40,widerspruechlich,no
239,test-kohorte-synthetik-bt-239,BT,366cce8ac2b01222872b393fb4813be848649a56a10bc23f1dfdc29d939f4241,yes,39,14,0,unrelated-source-association|wrong-land-versus-municipal-jurisdiction,True,26,widerspruechlich,no
240,test-kohorte-synthetik-bt-240,BT,060bab18b2504f8b89c361e1c47fed928afd5810bdd32100f66668071acf6215,yes,43,5,0,,False,32,fehlender-fachlicher-nachweis,no
241,test-kohorte-synthetik-bt-241,BT,83d7400e6e81c8ce1a8c5b56f7228c51737f61680ee8ee162419ee51b90b33c9,yes,41,12,0,wrong-land-versus-municipal-jurisdiction,False,29,widerspruechlich,no
242,test-kohorte-synthetik-bt-242,BT,ada8c07184a352180527d310e6a3186106d130537e97a3950ff918fa73d12324,yes,46,4,0,source-relative-time-contradiction,False,38,widerspruechlich,no
243,test-kohorte-synthetik-bt-243,BT,72963a0f942abdec20ab7034b1fd67318f7673e52531b8d57ab786233aa745ee,yes,39,12,0,unrelated-source-association|wrong-land-versus-municipal-jurisdiction,False,30,widerspruechlich,no
244,test-kohorte-synthetik-bt-244,BT,ffd0450bb9ca418a76247cc7fc324948a8202b62c472cb85fbb1f7b79ae35358,yes,44,5,0,,False,35,fehlender-fachlicher-nachweis,no
245,test-kohorte-synthetik-bt-245,BT,b5f65bb8a8365a596d901c543916cff6d61411201bd50f604c2b3b7d9e32bd2e,yes,40,14,0,unrelated-source-association|wrong-land-versus-municipal-jurisdiction,False,29,widerspruechlich,no
246,test-kohorte-synthetik-bt-246,BT,fe09ed18f9b910fb5a5bf86786ff9504abcf5cce6122d501f117fe6aa59aac0e,yes,43,4,0,,False,36,fehlender-fachlicher-nachweis,no
247,test-kohorte-synthetik-bt-247,BT,386866d1ea68db19684abcbdf282f41c3a6692aa56605e3398eb796e2d5c0a65,yes,39,12,0,wrong-land-versus-municipal-jurisdiction,True,27,widerspruechlich,no
248,test-kohorte-synthetik-bt-248,BT,d046186e456cbf6ead21b3917ab1957d1cb280595c16fa63a8a4b5abe5db8ff0,yes,42,6,0,,False,37,fehlender-fachlicher-nachweis,no
249,test-kohorte-synthetik-bt-249,BT,d9776e9ab79653a65d28b3e4c2f160f88efed8eee96cb9950a9e6ff4d66f12ca,yes,41,11,0,unrelated-source-association|wrong-land-versus-municipal-jurisdiction,False,31,widerspruechlich,no
250,test-kohorte-synthetik-bt-250,BT,afb1cdd14725968c7b3ed2286342059dee3f3d577dd2d2dec08cbe4a9949c41c,yes,43,4,0,source-relative-time-contradiction,False,35,widerspruechlich,no
251,test-kohorte-synthetik-bt-251,BT,025d46fdbe432d9c165f062acabc476ad38382ecbcbabdca8a6f54d1fcfe21de,yes,39,13,0,unrelated-source-association|wrong-land-versus-municipal-jurisdiction,False,28,widerspruechlich,no
252,test-kohorte-synthetik-bt-252,BT,76cdfed994a7f7a1dbda2ea8a3b434fa758ac53be105a9b47f89fca4ceb94709,yes,43,6,0,,True,33,doppelt,no
253,test-kohorte-synthetik-bt-253,BT,0346a43d752620c886e8701f41e0fb3704fa1834790af38df7ca2a8afa1150ee,yes,41,14,0,wrong-land-versus-municipal-jurisdiction,False,28,widerspruechlich,no
254,test-kohorte-synthetik-bt-254,BT,484adb75b27d71904ee65900f142e534889340ec364ffff36854ed41e4d77957,yes,46,4,0,,False,37,fehlender-fachlicher-nachweis,no
255,test-kohorte-synthetik-bt-255,BT,b233274fb120db9a6b5de66fed7cb9a4836a1f501642153d3cd2ef338d02ecfd,yes,35,12,0,unrelated-source-association|wrong-land-versus-municipal-jurisdiction,False,25,widerspruechlich,no
256,test-kohorte-synthetik-bt-256,BT,b148e6b56426aa2f637484a6301a725523974b838b4b13578f907140e107ac6a,yes,45,6,0,,False,37,fehlender-fachlicher-nachweis,no
257,test-kohorte-synthetik-bt-257,BT,dc0633dc36e15ed2d559f11973bbf06938e0a3f6e867792000d1271ad9452be0,yes,41,11,0,unrelated-source-association|wrong-land-versus-municipal-jurisdiction,False,30,widerspruechlich,no
258,test-kohorte-synthetik-bt-258,BT,dbebc9378f934a8a310d58e681a1dcd32492d508848bda8abe5524310816370b,yes,45,4,0,source-relative-time-contradiction,False,34,widerspruechlich,no
259,test-kohorte-synthetik-bt-259,BT,00842e1b7cceffcaeb9e2d8c41c0a20ee01d3631fc3a33abeb4edba9eac3de5e,yes,38,11,0,wrong-land-versus-municipal-jurisdiction,False,25,widerspruechlich,no
260,test-kohorte-synthetik-bt-260,BT,7a62567696ce656b4914685f585f84516813a99d7432e7c6755248c592143260,yes,41,5,0,,True,32,doppelt,no
261,test-kohorte-synthetik-bt-261,BT,1e332ee5c97aa0e6ed4f36c429d06694c6428d1aab89618d55a59304e386b145,yes,39,14,0,unrelated-source-association|wrong-land-versus-municipal-jurisdiction,False,26,widerspruechlich,no
262,test-kohorte-synthetik-bt-262,BT,7f4beae87c2a79d4f3a71b8c431be596693d2e4d0284fba79399a4ce49ae2c56,yes,45,3,0,,False,35,fehlender-fachlicher-nachweis,no
263,test-kohorte-synthetik-bt-263,BT,db4cd520ece920c4c9f9676be9b4b68c9eb346047ea2905ef6bc8fa219afe57a,yes,35,12,0,wrong-land-versus-municipal-jurisdiction,True,23,widerspruechlich,no
264,test-kohorte-synthetik-bt-264,BT,3bafc012092fa678b1f509c16791e10964b5e8ee256f6cbcb6ea1d79cc1b13ce,yes,44,5,0,,False,35,fehlender-fachlicher-nachweis,no
265,test-kohorte-synthetik-bt-265,BT,df797b2f3d8c6ad52539254e6cd97ca8d326aff222116e39d426657d414d2837,yes,39,11,0,wrong-land-versus-municipal-jurisdiction,False,27,widerspruechlich,no
266,test-kohorte-synthetik-bt-266,BT,a2fb76616832d15503bd43e74865c3030e083eb61b4668661ec782154228ab67,yes,45,4,0,wrong-primary-source-association|source-relative-time-contradiction,False,37,widerspruechlich,no
267,test-kohorte-synthetik-bt-267,BT,08760d80503bae59efd91a0ee19c8bf5de1201d6d2dd4999ffdc808880bf9ab4,yes,36,13,0,unrelated-source-association|wrong-land-versus-municipal-jurisdiction,False,26,widerspruechlich,no
268,test-kohorte-synthetik-bt-268,BT,0f91ebd8f8fad38baebc9b830ea8d1149c65c66fc89330d2ce22a99950b0e727,yes,44,5,0,,False,35,fehlender-fachlicher-nachweis,no
269,test-kohorte-synthetik-bt-269,BT,07c7cbf74e29947d33c6808d688e34510c2828f35fa84d3475dae20302b55d74,yes,42,14,0,unrelated-source-association|wrong-land-versus-municipal-jurisdiction,False,31,widerspruechlich,no
270,test-kohorte-synthetik-bt-270,BT,36bb37d4f4b4166393b66bf5ffa766ec53ed363057f438e694efd4939085ad0f,yes,43,4,0,wrong-primary-source-association,False,34,widerspruechlich,no
271,test-kohorte-synthetik-bt-271,BT,4501c13dadf354a4c15b100d1b994663fab9f8d2507cd140b088db87bd37f594,yes,36,12,0,wrong-land-versus-municipal-jurisdiction,True,23,widerspruechlich,no
272,test-kohorte-synthetik-bt-272,BT,1584fc001dec19f4e4c31db8ff092f0dd203a01d62f3e39bb431649ac9120a58,yes,44,4,0,,False,36,fehlender-fachlicher-nachweis,no
273,test-kohorte-synthetik-bt-273,BT,6df98be36608833ba350ac7db82119976d62c1a175b82a09113682807fa0ddf1,yes,41,12,0,unrelated-source-association|wrong-land-versus-municipal-jurisdiction,False,29,widerspruechlich,no
274,test-kohorte-synthetik-bt-274,BT,dee04081cfb128472344344d6fea7e0edbe41fbbd3e50871fa1347664bb92eca,yes,42,3,0,source-relative-time-contradiction,False,31,widerspruechlich,no
275,test-kohorte-synthetik-bt-275,BT,31aa09032ef474763fff2cab2b3d4daeb61db45aac71dca2609311515e966068,yes,34,12,0,unrelated-source-association|wrong-land-versus-municipal-jurisdiction,False,23,widerspruechlich,no
276,test-kohorte-synthetik-bt-276,BT,07a925ac4b5d8f684bb57f1d3d61072a45c269452a9817727c5de561405ab9cd,yes,42,6,0,,True,34,doppelt,no
277,test-kohorte-synthetik-bt-277,BT,e265161ef7320683d4717ff2054ee41325d31259c51219cabfdc94210b7a3984,yes,42,13,0,wrong-land-versus-municipal-jurisdiction|wrong-primary-source-association,False,27,widerspruechlich,no
278,test-kohorte-synthetik-bt-278,BT,28f989d1319b17f7274bf722c302dd147f547fc7c03fa0148890a54d6e4e7b90,yes,43,4,0,,False,35,fehlender-fachlicher-nachweis,no
279,test-kohorte-synthetik-bt-279,BT,50f10651b457962ec05e70effd23af551491ca90caf91f9db7e2a05c547e0fb0,yes,36,13,0,unrelated-source-association|wrong-land-versus-municipal-jurisdiction,True,23,widerspruechlich,no
280,test-kohorte-synthetik-bt-280,BT,2c29406c67d82ab06e9bd6b0eb4d0937341aa4c0ab61d20d7e3d45ee1b45d7aa,yes,44,6,0,,False,37,fehlender-fachlicher-nachweis,no
281,test-kohorte-synthetik-bt-281,BT,2709b65e3dd5ad1e64dc9c4e103daa234903f5574caf0b1aee098700b4fab6c4,yes,41,12,0,unrelated-source-association|wrong-land-versus-municipal-jurisdiction,False,30,widerspruechlich,no
282,test-kohorte-synthetik-bt-282,BT,0d96bca0a35786f9229a0354d27c6d0984e8bf706bb8409bc47dbae677ef75c8,yes,44,4,0,wrong-primary-source-association|source-relative-time-contradiction,False,33,widerspruechlich,no
283,test-kohorte-synthetik-bt-283,BT,40e70dd99f425fa10aa2393a571f68be7236cb7866fbd43a8d38e3a193693db1,yes,38,12,0,wrong-land-versus-municipal-jurisdiction,False,25,widerspruechlich,no
284,test-kohorte-synthetik-bt-284,BT,31144175ded98807d3351e264de35f1bc3c34231b8f1af1205ab00192cc74289,yes,42,5,0,,True,34,doppelt,no
285,test-kohorte-synthetik-bt-285,BT,a0adac968355e3f9b6bd29cb0d2f19566327df1722a9ba2128ed22aa3b113779,yes,38,12,0,unrelated-source-association|wrong-land-versus-municipal-jurisdiction,False,28,widerspruechlich,no
286,test-kohorte-synthetik-bt-286,BT,c89acc31f20a7b75dd3737916daedefb5df6d0b9b1a73c1efb0ffdbdadd4b9e3,yes,50,4,0,,False,42,fehlender-fachlicher-nachweis,no
287,test-kohorte-synthetik-bt-287,BT,027e0f4b7338987d1617b383bf7adfae74d872bfd175bcc98ef59ac3ffaf0941,yes,42,12,0,unrelated-source-association|wrong-land-versus-municipal-jurisdiction,True,30,widerspruechlich,no
288,test-kohorte-synthetik-bt-288,BT,5da3bac04a3dff32a2058b81ce961e654bc03fa8bb744f690baf4a72333f5781,yes,43,5,0,,False,35,fehlender-fachlicher-nachweis,no
289,test-kohorte-synthetik-bt-289,BT,52bb3ab864021f8e45544bc4c1d2a77d0972e995ce157db6314230325e7d1742,yes,40,13,0,wrong-land-versus-municipal-jurisdiction,False,29,widerspruechlich,no
290,test-kohorte-synthetik-bt-290,BT,2dfa5ce88080b7dcb7371cd08f759f473641de8bdf5af3c5c27713d4f1fb8f40,yes,46,4,0,source-relative-time-contradiction,False,37,widerspruechlich,no
291,test-kohorte-synthetik-bt-291,BT,4d708ff945f2908996c4e2b75bb717da400c8d0da202aee19c4a689f7869d1cc,yes,37,11,0,unrelated-source-association|wrong-land-versus-municipal-jurisdiction,False,27,widerspruechlich,no
292,test-kohorte-synthetik-bt-292,BT,0cb5dc9c60cc8611fb2c1ab0dd1dba2819f470331957f350d57adad9ced46c1c,yes,45,4,0,,False,35,fehlender-fachlicher-nachweis,no
293,test-kohorte-synthetik-bt-293,BT,54199c7925aafdcfef1a8af8748ff0cf18d6056d1d164f83381a49b23da33d8d,yes,41,14,0,unrelated-source-association|wrong-land-versus-municipal-jurisdiction,False,28,widerspruechlich,no
294,test-kohorte-synthetik-bt-294,BT,7e290aa65e6543137c9247dfc6e488a6c3cf6e595ab6951c4456ed72b0688dad,yes,43,3,0,,False,34,fehlender-fachlicher-nachweis,no
295,test-kohorte-synthetik-bt-295,BT,4c5306b749b2957bd8e0c691c551692f0613d7a8b5ed48d89d8012b923e13abe,yes,36,11,0,wrong-land-versus-municipal-jurisdiction,True,24,widerspruechlich,no
296,test-kohorte-synthetik-bt-296,BT,b079ea23322b958496b6073582abbad985041ebd610865997a7de0a7a9d2a628,yes,39,5,0,,False,34,fehlender-fachlicher-nachweis,no
297,test-kohorte-synthetik-bt-297,BT,cffd99bfa4f8dc24f3a0937b5ce83936c99feb3bcaf8685c0d66fe4ff049ae42,yes,41,10,0,wrong-land-versus-municipal-jurisdiction,False,31,widerspruechlich,no
298,test-kohorte-synthetik-bt-298,BT,6d4c873392cf6a1d4d3417724374d5cebc3dc27f51dedde80e4819ec1c6b4a9d,yes,46,4,0,source-relative-time-contradiction,False,35,widerspruechlich,no
299,test-kohorte-synthetik-bt-299,BT,e1680c2227e14d00dee980a9be49d1aa1a02d6bdd6abba5b27e6a6c37840fe4a,yes,37,12,0,unrelated-source-association|wrong-land-versus-municipal-jurisdiction,False,26,widerspruechlich,no
300,test-kohorte-synthetik-bt-300,BT,21c61383f9c92f4b17f12b3471f55bc5eee21a9aac8e495c36fe605b54777963,yes,42,5,0,,True,36,doppelt,no
301,test-kohorte-synthetik-bt-301,BT,cf8e143b96be1da176d4578551bfee7abdee9ecd764d2bf48326bc8e73907041,yes,43,14,0,wrong-land-versus-municipal-jurisdiction,False,29,widerspruechlich,no
302,test-kohorte-synthetik-bt-302,BT,c2b2e6c8af5fa249446359032a747190d7e6750a84d4d78b7d069939c7db9660,yes,43,4,0,,False,36,fehlender-fachlicher-nachweis,no
303,test-kohorte-synthetik-bt-303,BT,e242a6d047009127488d41da06b74d6e8463318c25ecc3d884a264495bca0385,yes,37,12,0,unrelated-source-association|wrong-land-versus-municipal-jurisdiction,False,27,widerspruechlich,no
304,test-kohorte-synthetik-bt-304,BT,ed4578c9e3ce1bfda264392b705af1bfc9aaf294c563f64bd2df6e5d84fce7c1,yes,45,6,0,,False,37,fehlender-fachlicher-nachweis,no
305,test-kohorte-synthetik-bt-305,BT,3743e464dc003654bf434011c76f213148f3ef23e0f84346533eaee601023cb5,yes,41,12,0,unrelated-source-association|wrong-land-versus-municipal-jurisdiction,False,30,widerspruechlich,no
306,test-kohorte-synthetik-bt-306,BT,a3c5233fe891acd6e82b047663ab205be9ce4bdca1647b50c5e2ce0bf1f99d27,yes,46,4,0,source-relative-time-contradiction,False,34,widerspruechlich,no
307,test-kohorte-synthetik-bt-307,BT,d37949836d342150413892e21b5dc61eb16a3644f9802d16be75bed88e66fb6b,yes,36,13,0,wrong-land-versus-municipal-jurisdiction,False,24,widerspruechlich,no
308,test-kohorte-synthetik-bt-308,BT,1573e854b400412508ab89573153a2936168f829c0983a2222fbb6609226cbb9,yes,44,5,0,,True,36,doppelt,no
309,test-kohorte-synthetik-bt-309,BT,a1549c0084b79800b3be2086006e0d76e1fce936f35e6d6d61647ed10b8057cb,yes,40,11,0,unrelated-source-association|wrong-land-versus-municipal-jurisdiction,False,30,widerspruechlich,no
310,test-kohorte-synthetik-bt-310,BT,1f037ec4b042bd310904431df15e83f003cea92e7ac34f8e7edb6df9bd8e94bf,yes,41,3,0,,False,35,fehlender-fachlicher-nachweis,no
311,test-kohorte-synthetik-bt-311,BT,1b696de97261e08f3ee6b9b8aa3fa1a7e5e82d8e9cd3d1f0c4a60597c73b319b,yes,37,14,0,unrelated-source-association|wrong-land-versus-municipal-jurisdiction,True,25,widerspruechlich,no
312,test-kohorte-synthetik-bt-312,BT,a3fa193b0104d185ed4d92e636dfe208070f60caaef797ad0accde630979dc2c,yes,42,4,0,,False,32,fehlender-fachlicher-nachweis,no
313,test-kohorte-synthetik-bt-313,BT,9a4f3f87dd248838e479fd2aee78cc3cd4fb4246d259593f51cd3b44ffda18e9,yes,39,11,0,wrong-land-versus-municipal-jurisdiction,False,28,widerspruechlich,no
314,test-kohorte-synthetik-bt-314,BT,b561b9e16d74c4f36878a51caad5e3fdbb8eb787c8ee21149129169c5f88d561,yes,44,4,0,unrelated-source-association|source-relative-time-contradiction,False,34,widerspruechlich,no
315,test-kohorte-synthetik-bt-315,BT,96f5c99516315ea0559cc0867c230e2f50648f50a4f799ada4337fe2b782d2fb,yes,39,13,0,unrelated-source-association|wrong-land-versus-municipal-jurisdiction,False,29,widerspruechlich,no
316,test-kohorte-synthetik-bt-316,BT,9c870a6d17d33b617a4b3faca33ebcd37822f67ccd913544f699b96be7ed0130,yes,44,4,0,unrelated-source-association,False,36,widerspruechlich,no
317,test-kohorte-synthetik-bt-317,BT,9364606d4f22b5370a91b7bd09a52f9fb2f431bb24382ebf0ac686d8a06aed82,yes,39,13,0,wrong-land-versus-municipal-jurisdiction,False,28,widerspruechlich,no
318,test-kohorte-synthetik-bt-318,BT,30c7e96783b2dc73f959bc0c924e9fbcf2ff791b9cccbffb75bc23506faf6ff2,yes,43,4,0,,False,36,fehlender-fachlicher-nachweis,no
319,test-kohorte-synthetik-bt-319,BT,97392cf5456a601549b96e59c3252adb2d69801adf2c5fabd169fb19789a336b,yes,37,11,0,wrong-land-versus-municipal-jurisdiction,True,25,widerspruechlich,no
320,test-kohorte-synthetik-bt-320,BT,31485a6ec9df8d7abfe812fe07f14b8eaf43f2e6c4ebb01b8f194d8b7f530061,yes,43,6,0,,False,35,fehlender-fachlicher-nachweis,no
321,test-kohorte-synthetik-bt-321,BT,1c2ace61d49cdb76de3b7e0782c82ed0230f732e6d9cb58b322dcdefbe94653c,yes,40,11,0,unrelated-source-association|wrong-land-versus-municipal-jurisdiction,False,30,widerspruechlich,no
322,test-kohorte-synthetik-bt-322,BT,d43d4f52be541544fbe6301a4ddd71ff8e76ebf803eb7e9a23fb3ff0fb649097,yes,46,3,0,source-relative-time-contradiction,False,35,widerspruechlich,no
323,test-kohorte-synthetik-bt-323,BT,feaf9384c4a04c2800b9814eba3df41fcec4b5670af992d16ce259e49e11be09,yes,38,12,0,unrelated-source-association|wrong-land-versus-municipal-jurisdiction,False,28,widerspruechlich,no
324,test-kohorte-synthetik-bt-324,BT,76eed88bc6edcbd7afee82cc5ee007a424f8524a4823e7d954a6a0244cfa222c,yes,42,5,0,,True,32,doppelt,no
325,test-kohorte-synthetik-bt-325,BT,bf49f3a258cc9b4c7ec1b48777de7a0b8913b18b9f72fdccc625b04fdd7a7c8b,yes,40,14,0,wrong-land-versus-municipal-jurisdiction,False,27,widerspruechlich,no
326,test-kohorte-synthetik-bt-326,BT,f0638c1ed2361a35703ef601a5adfcad828d1fde4a482d07e29721896a87f5f6,yes,44,4,0,,False,39,fehlender-fachlicher-nachweis,no
327,test-kohorte-synthetik-bt-327,BT,bc5c89439b5dfcccb7893960dfd3a7245ac7cd41b86f290efbcd1dae65cccdad,yes,36,10,0,unrelated-source-association,False,26,widerspruechlich,no
328,test-kohorte-synthetik-bt-328,BT,a4ae1e3a73aac1eff25922c1c0c712a0d037f6bd17c8680493d39ad8051ed59b,yes,42,6,0,,False,33,fehlender-fachlicher-nachweis,no
329,test-kohorte-synthetik-bt-329,BT,914396122f286abd8ed526b2754cb1fec83a256302e1d3906f74a3ff386fbb67,yes,39,12,0,unrelated-source-association|wrong-land-versus-municipal-jurisdiction,False,28,widerspruechlich,no
330,test-kohorte-synthetik-bt-330,BT,3e541d0a09fad4827ed85527bcc96475048096fc9a210b47ce83c25d9e383629,yes,44,4,0,source-relative-time-contradiction,False,33,widerspruechlich,no
331,test-kohorte-synthetik-be-001,BE,0c51403c6c8f45ee14ece437e1c22e613538635dcb8430f726843b57814a4729,yes,37,12,1,wrong-land-versus-municipal-jurisdiction,False,24,widerspruechlich,no
332,test-kohorte-synthetik-be-002,BE,440ee9cd1320b6b0305cb9317cda20d813ebb9dcdbbc96127b9cb7e8881397c6,yes,38,13,0,wrong-land-versus-municipal-jurisdiction,True,25,widerspruechlich,no
333,test-kohorte-synthetik-be-003,BE,a35b2eca376638b24d6159e30663a638a5e5f28287eb63c23fe06656083480e7,yes,41,11,0,unrelated-source-association|wrong-land-versus-municipal-jurisdiction,False,31,widerspruechlich,no
334,test-kohorte-synthetik-be-004,BE,860868505b0e1a95968ca5371068c345a46001c3e1c7e20bffab34fb25fd2565,yes,43,12,0,wrong-land-versus-municipal-jurisdiction,False,29,widerspruechlich,no
335,test-kohorte-synthetik-be-005,BE,81597da8ee24a4734dec12585fdcac98ca9f34fe1ec8450ce644ff25a42d1fcf,yes,37,15,0,unrelated-source-association|wrong-land-versus-municipal-jurisdiction,True,23,widerspruechlich,no
336,test-kohorte-synthetik-be-006,BE,4ab7b16f82a5666dccd0a7f61368fb515eef31b2f5a9fa0a8b1b8b9fd7de9f71,yes,38,14,1,unrelated-source-association|wrong-land-versus-municipal-jurisdiction,False,26,widerspruechlich,no
337,test-kohorte-synthetik-be-007,BE,0b776110d2e37afcbf5f169126ddc3d07e50101fc171ac7670397ac6cb95c28e,yes,40,11,0,,False,28,fehlender-fachlicher-nachweis,no
338,test-kohorte-synthetik-be-008,BE,08996bea1ad441cfd8362018f159539e69195ce4ed2042e3b312d0795f8a126a,yes,42,13,0,unrelated-source-association|wrong-land-versus-municipal-jurisdiction,False,30,widerspruechlich,no
339,test-kohorte-synthetik-be-009,BE,f46956c62d0b1d705d519379a7b12950f5b1fa2af69c7be1de46100016e91f0f,yes,37,12,1,wrong-land-versus-municipal-jurisdiction,False,27,widerspruechlich,no
340,test-kohorte-synthetik-be-010,BE,da70ea6eb3721a9cdb36bd48355e934c7ae17d4d68b2778ea4a3c4e8ecf8b4b4,yes,39,13,0,unrelated-source-association|wrong-land-versus-municipal-jurisdiction,False,25,widerspruechlich,no
341,test-kohorte-synthetik-be-011,BE,3c261e550018bbb737fee32ebce77296c0b7bbacb12b581dc029abb7307cf5f3,yes,40,16,0,unrelated-source-association|wrong-land-versus-municipal-jurisdiction,False,27,widerspruechlich,no
342,test-kohorte-synthetik-be-012,BE,cbf52fa94b82d0bb89d8f78094d8dc19a5600b36aac7bb0625fa3acc4c088730,yes,40,13,0,wrong-land-versus-municipal-jurisdiction,False,27,widerspruechlich,no
343,test-kohorte-synthetik-be-013,BE,dfca37e1bfde420f872c58bee62a6f0b732c753f738fa56da73a6ec6c14df894,yes,36,12,0,wrong-land-versus-municipal-jurisdiction,True,23,widerspruechlich,no
344,test-kohorte-synthetik-be-014,BE,86601b7adb7ddd5fdba7b88204247aca00f7fc7e2da15c0422ed3d7924441f55,yes,40,15,1,wrong-land-versus-municipal-jurisdiction,False,31,widerspruechlich,no
345,test-kohorte-synthetik-be-015,BE,aa3916371b1fce2c0a350e0f97ea1534fa44ddc086d2439ca5ee28fdf4b57872,yes,39,10,0,wrong-land-versus-municipal-jurisdiction,False,29,widerspruechlich,no
346,test-kohorte-synthetik-be-016,BE,fa7e5826687b36fa19f9277cc71182d317cae696b126de38750699a2699cbbd1,yes,40,13,0,unrelated-source-association|wrong-land-versus-municipal-jurisdiction,False,28,widerspruechlich,no
347,test-kohorte-synthetik-be-017,BE,846057115e8f270ebe1e218236d51aa2d586b0cb39b995aed3a98608b307e9bd,yes,39,12,1,wrong-land-versus-municipal-jurisdiction,False,28,widerspruechlich,no
348,test-kohorte-synthetik-be-018,BE,e7ea30e854d73731df44e3cdb0082b6d90a7b434c668241ee97cdf7bcaaf159c,yes,39,12,0,wrong-land-versus-municipal-jurisdiction,True,29,widerspruechlich,no
349,test-kohorte-synthetik-be-019,BE,bbcd4d59a3153027cbb9920b19057627fe750b24679d0a4e9b79f3bf124b6391,yes,42,15,0,wrong-land-versus-municipal-jurisdiction,False,30,widerspruechlich,no
350,test-kohorte-synthetik-be-020,BE,721be8c325722fddf5efcfe835776fd6d44b262f0f0ef86f0def3e527635d4ff,yes,43,13,0,wrong-land-versus-municipal-jurisdiction,False,32,widerspruechlich,no
351,test-kohorte-synthetik-be-021,BE,9f519f8b3c8a708a0d7728bcd59b41555ff225abb49ab48c5aa25e02f8d3aea8,yes,37,14,0,unrelated-source-association|wrong-land-versus-municipal-jurisdiction,False,27,widerspruechlich,no
352,test-kohorte-synthetik-be-022,BE,be18a0233a11914ded9380d6f1c674b48683ec2bd1a2e20e7b24598d8fcf8704,yes,40,15,1,unrelated-source-association|wrong-land-versus-municipal-jurisdiction,False,29,widerspruechlich,no
353,test-kohorte-synthetik-be-023,BE,e832545b441d9ff8027a203bf93b019a1664d602318381c896c363a4204a86f1,yes,41,9,0,wrong-land-versus-municipal-jurisdiction,False,32,widerspruechlich,no
354,test-kohorte-synthetik-be-024,BE,b2e1f7ddd2c0f52778b9812a3be7dfbed2284479ddfcb60079616bbc53beda15,yes,38,12,0,unrelated-source-association|wrong-land-versus-municipal-jurisdiction,False,26,widerspruechlich,no
355,test-kohorte-synthetik-be-025,BE,f563058624eb8bf7db7dd74d90b211f42c338cdb660ba009dcf8c5c6ce147a08,yes,37,11,1,wrong-land-versus-municipal-jurisdiction,False,26,widerspruechlich,no
356,test-kohorte-synthetik-be-026,BE,daa7dc36dd5239e119decc7e583669b1f6542d4804911cb2306f1c731b2bb2eb,yes,41,14,0,unrelated-source-association|wrong-land-versus-municipal-jurisdiction,True,29,widerspruechlich,no
357,test-kohorte-synthetik-be-027,BE,cb3f83dfb74d2be5f03f75bb46ca0fa93bb23ae841b99fce55c0e4fa192ab058,yes,43,11,0,wrong-land-versus-municipal-jurisdiction,False,33,widerspruechlich,no
358,test-kohorte-synthetik-be-028,BE,3f1bacb320f5e7ffb5fb1c9839e4a2d4977759a2c565d7bb060711e455ef6f85,yes,44,12,0,wrong-land-versus-municipal-jurisdiction,False,30,widerspruechlich,no
359,test-kohorte-synthetik-be-029,BE,da72b44cab29c6e3b58383a9be3b2ac040272e3aa7ba7f44159826dcdb26e306,yes,36,14,0,unrelated-source-association|wrong-land-versus-municipal-jurisdiction,True,24,widerspruechlich,no
360,test-kohorte-synthetik-be-030,BE,e259f90311c7001e2fc582a9a1d16e47e173fba2b80154f44917559b2cec6337,yes,39,14,1,unrelated-source-association|wrong-land-versus-municipal-jurisdiction,False,29,widerspruechlich,no
361,test-kohorte-synthetik-be-031,BE,3d5e4fc53f795c82668080ebc0ff646c6effd7f38b78387acf7f68dc0070c4f2,yes,42,10,0,wrong-land-versus-municipal-jurisdiction,False,31,widerspruechlich,no
362,test-kohorte-synthetik-be-032,BE,db141f349ed88b8fd84e0b3fc941e59cc36607daaa3b2206ec7033a7ea63f542,yes,40,13,0,unrelated-source-association|wrong-land-versus-municipal-jurisdiction,False,28,widerspruechlich,no
363,test-kohorte-synthetik-be-033,BE,df0c7712af7db75e398345b043bc07dd04eb442de99b434ff493c6e0d325d06c,yes,37,13,1,unrelated-source-association|wrong-land-versus-municipal-jurisdiction,False,28,widerspruechlich,no
364,test-kohorte-synthetik-be-034,BE,2639fe31b19100c8522f1e44128dfd3baa23c734e85dd8944e1b889c1c92cf30,yes,39,13,0,unrelated-source-association|wrong-land-versus-municipal-jurisdiction,False,28,widerspruechlich,no
365,test-kohorte-synthetik-be-035,BE,68d6016ec1be466cfbee74f5ca7b8dfc8a0d82209726e51626e254887529d30c,yes,40,14,0,unrelated-source-association|wrong-land-versus-municipal-jurisdiction,False,30,widerspruechlich,no
366,test-kohorte-synthetik-be-036,BE,2109761fbd0918f729b56a9cea8fbeb1ec0063b4465c679202e1469a93685bbc,yes,39,10,0,,False,28,fehlender-fachlicher-nachweis,no
367,test-kohorte-synthetik-be-037,BE,639ecf2b415d74075fe05dee6c58545a19078dc14efaab70f642676572f7f395,yes,39,12,0,wrong-land-versus-municipal-jurisdiction|source-relative-time-contradiction,True,27,widerspruechlich,no
368,test-kohorte-synthetik-be-038,BE,bbc7fb37f894cd5ce7727c356d133be289ee5da3289fe0add83b8f6a4670e59f,yes,41,16,1,unrelated-source-association|wrong-land-versus-municipal-jurisdiction,False,31,widerspruechlich,no
369,test-kohorte-synthetik-be-039,BE,d1002497fa5a8156f654cdbc0fd0db8511f26cc1975535ad0bdb75e9680c8b61,yes,39,10,0,wrong-land-versus-municipal-jurisdiction|wrong-primary-source-association,False,28,widerspruechlich,no
370,test-kohorte-synthetik-be-040,BE,5f89ece3a9053204b38524ef9d948a28ec335155a45d0b36a6c707b8e572c761,yes,41,12,0,unrelated-source-association|wrong-land-versus-municipal-jurisdiction|wrong-primary-source-association,False,26,widerspruechlich,no
371,test-kohorte-synthetik-be-041,BE,25a066f80810beef21a24584a46ff8e8a4797edb85805fb1df723f23b11051ce,yes,38,13,1,unrelated-source-association|wrong-land-versus-municipal-jurisdiction,False,26,widerspruechlich,no
372,test-kohorte-synthetik-be-042,BE,72688961a426c846c41e9d114b131ba05e62bfbb7a54d46e5e820a9ae5883b4d,yes,39,14,0,unrelated-source-association|wrong-land-versus-municipal-jurisdiction,True,26,widerspruechlich,no
373,test-kohorte-synthetik-be-043,BE,15399847c530ad02cd2537fcd38054ecf35c9b89dba4bd2e903790c52b90e8b3,yes,42,13,0,wrong-land-versus-municipal-jurisdiction,False,30,widerspruechlich,no
374,test-kohorte-synthetik-be-044,BE,39fd30ca7b929aa8c8a74d6b292c0fd133aae611bbc5320fd4bf131a5f9d6871,yes,42,12,0,wrong-land-versus-municipal-jurisdiction,False,32,widerspruechlich,no
375,test-kohorte-synthetik-be-045,BE,236d0e504b0356f921a9dd4413924271f065a7756895a989556f07b0ebe600ad,yes,35,13,0,unrelated-source-association|wrong-land-versus-municipal-jurisdiction,True,24,widerspruechlich,no
376,test-kohorte-synthetik-be-046,BE,c91da89d06d0b1efc4beaf3e3d1dafef5cae93c52ac61465cdb895bcd636e867,yes,41,14,1,wrong-land-versus-municipal-jurisdiction,False,30,widerspruechlich,no
377,test-kohorte-synthetik-be-047,BE,e3b3e08891c32f7f845f734a87d676f292939b0c7c3e22c910d5d4f7ac541524,yes,39,12,0,unrelated-source-association|wrong-land-versus-municipal-jurisdiction,False,27,widerspruechlich,no
378,test-kohorte-synthetik-be-048,BE,61ea3964e98aa80debcc199395129114bef3116adf67d8cb20921e340452358d,yes,38,12,0,unrelated-source-association|wrong-land-versus-municipal-jurisdiction,False,26,widerspruechlich,no
379,test-kohorte-synthetik-be-049,BE,d80b6e891aad98af0b7aca8883ab909634fa70151a5239acaa642ebc31afda66,yes,37,12,1,wrong-land-versus-municipal-jurisdiction,False,25,widerspruechlich,no
380,test-kohorte-synthetik-be-050,BE,d5cda6f9fe8aaeb1451dad630d0ea7b9c5add8b94762dcd98c4deaf82ac63bda,yes,40,14,0,unrelated-source-association|wrong-land-versus-municipal-jurisdiction,True,27,widerspruechlich,no
381,test-kohorte-synthetik-be-051,BE,8d82556c9ef414088b8507ffe568aeffceb2697f68f7f7145a85027226bfd565,yes,41,12,0,unrelated-source-association|wrong-land-versus-municipal-jurisdiction,False,26,widerspruechlich,no
382,test-kohorte-synthetik-be-052,BE,1a366b0220c4a1ca5a893f1c4684b983795f649b9b85f8686e95125fa50c34e8,yes,44,12,0,wrong-land-versus-municipal-jurisdiction|source-relative-time-contradiction,False,28,widerspruechlich,no
383,test-kohorte-synthetik-be-053,BE,2ba620fd633afb9cb668e4dc59053a57bb7a0eb329586e0343461b9e7f4d2522,yes,37,14,0,unrelated-source-association|wrong-land-versus-municipal-jurisdiction,True,24,widerspruechlich,no
384,test-kohorte-synthetik-be-054,BE,75ac562526545a90394138a6330e423fbac9b4961f98bb2822532a686becebd7,yes,40,13,1,unrelated-source-association|wrong-land-versus-municipal-jurisdiction,False,29,widerspruechlich,no
385,test-kohorte-synthetik-be-055,BE,74c4efb2d12717be506dd8f90f8aa383b6e76c0503b3f1d342f810d9fdf2621f,yes,40,11,0,wrong-land-versus-municipal-jurisdiction,False,29,widerspruechlich,no
386,test-kohorte-synthetik-be-056,BE,a80c80b3ce35085702968652bddd86c94614cdbbf8e70d4895a5153b65c7b038,yes,40,10,0,,False,29,fehlender-fachlicher-nachweis,no
387,test-kohorte-synthetik-be-057,BE,6cfb43d9f5b95199125c03cafd5457108a06dc967903b950efbcbb491cb7810f,yes,37,13,1,unrelated-source-association|wrong-land-versus-municipal-jurisdiction,False,27,widerspruechlich,no
388,test-kohorte-synthetik-be-058,BE,29aaa530190c54226054364cd76ff0389cfac93a71c0b98e26b8f3dca151c2e4,yes,35,12,0,wrong-land-versus-municipal-jurisdiction,False,24,widerspruechlich,no
389,test-kohorte-synthetik-be-059,BE,d4800235341aa19bd4e99157896e25f6c3134664a8707a029e30b7be9145ceb4,yes,41,14,0,unrelated-source-association|wrong-land-versus-municipal-jurisdiction,False,31,widerspruechlich,no
390,test-kohorte-synthetik-be-060,BE,03eebfadaceb366742ba14cf84271777d29a65054ad8d633871ef39ac902853b,yes,40,12,0,unrelated-source-association|wrong-land-versus-municipal-jurisdiction,False,27,widerspruechlich,no
391,test-kohorte-synthetik-be-061,BE,b82bf71c880792ecc2d1cc6a17f8c74321b3eaf87e975b900139ded149dc55f0,yes,37,13,0,wrong-land-versus-municipal-jurisdiction,True,24,widerspruechlich,no
392,test-kohorte-synthetik-be-062,BE,864f3e14112465381e3854120ecd6ad219929810ce20cf1dbc4dbbf6d0529e56,yes,41,15,1,wrong-land-versus-municipal-jurisdiction,False,28,widerspruechlich,no
393,test-kohorte-synthetik-be-063,BE,3877814e78f686f9b2e35fe0b633df26cc994a2f9d2e6ea64f2b0c50e3042382,yes,42,11,0,unrelated-source-association|wrong-land-versus-municipal-jurisdiction,False,30,widerspruechlich,no
394,test-kohorte-synthetik-be-064,BE,37991956cb03e56758cd3698fa3dce0a8741c4c643bb708db06dbbc32e61ba83,yes,42,14,0,unrelated-source-association|wrong-land-versus-municipal-jurisdiction|wrong-primary-source-association,False,28,widerspruechlich,no
395,test-kohorte-synthetik-be-065,BE,2f4233b98521d7cfc3fe6e340c266a27450f08ada9e428147d9ff88064149505,yes,37,13,1,unrelated-source-association|wrong-land-versus-municipal-jurisdiction,False,27,widerspruechlich,no
396,test-kohorte-synthetik-be-066,BE,5f15313bae259b827820e2fcebcd9252a6a4e8c75f4490d236796a1a30457623,yes,39,12,0,unrelated-source-association|wrong-land-versus-municipal-jurisdiction,True,24,widerspruechlich,no
397,test-kohorte-synthetik-be-067,BE,11f2641ea415e922d16bbfa70e763fc03f343f91b075ca03d57e2d5a355ff2e8,yes,39,12,0,wrong-land-versus-municipal-jurisdiction,False,26,widerspruechlich,no
398,test-kohorte-synthetik-be-068,BE,696027f2494d9101e51d21ad27abe16edafa695203f4ff5426f8189cbd41cf0c,yes,42,13,0,wrong-land-versus-municipal-jurisdiction,False,30,widerspruechlich,no
399,test-kohorte-synthetik-be-069,BE,d075a55db760fc523ecdfd7f2947212e83f93ecaed94a592f83d419b9c82a9ab,yes,37,11,0,unrelated-source-association|wrong-land-versus-municipal-jurisdiction,False,27,widerspruechlich,no
400,test-kohorte-synthetik-be-070,BE,b3c676289e6c88fca074ca31ff11a5f8b51a9aaa70f4c41155c1d4bdfb1b3160,yes,38,13,1,unrelated-source-association|wrong-land-versus-municipal-jurisdiction,False,28,widerspruechlich,no
401,test-kohorte-synthetik-be-071,BE,e4bc4cef905a203fe7b34a68cf596c32d0095e2376806c7b3538091963774d88,yes,39,12,0,unrelated-source-association|wrong-land-versus-municipal-jurisdiction,False,27,widerspruechlich,no
402,test-kohorte-synthetik-be-072,BE,78199616a5abc3b50e3750de4ba61ef996525aa1d49927debd1e74edf296772a,yes,36,11,0,unrelated-source-association|wrong-land-versus-municipal-jurisdiction,False,24,widerspruechlich,no
403,test-kohorte-synthetik-be-073,BE,1c14e612e4a1fa281923442347ca43d81728076d757b79084185cdd0b95bc401,yes,36,12,1,wrong-land-versus-municipal-jurisdiction,False,24,widerspruechlich,no
404,test-kohorte-synthetik-be-074,BE,6b98da61bba3820541209ff93c1f04d147e048a220f11165b530d87f70c357d6,yes,40,14,0,wrong-land-versus-municipal-jurisdiction,True,27,widerspruechlich,no
405,test-kohorte-synthetik-be-075,BE,712fb6871b98aaec66247b86cc21554aa422e45d4a36f33c2f5c8470a6e650dc,yes,41,12,0,unrelated-source-association|wrong-land-versus-municipal-jurisdiction,False,31,widerspruechlich,no
406,test-kohorte-synthetik-be-076,BE,bd144b91985306f5cc5dbed61e9c474a1d6b6352ea589038bff1ce8e13b992eb,yes,39,12,0,wrong-land-versus-municipal-jurisdiction,False,25,widerspruechlich,no
407,test-kohorte-synthetik-be-077,BE,5879698d8bac415b8adf7942e2f0847fa8b3e81d0127b56a96bc55fc07e07e5b,yes,37,14,0,unrelated-source-association|wrong-land-versus-municipal-jurisdiction,True,25,widerspruechlich,no
408,test-kohorte-synthetik-be-078,BE,e7680e668c13ff992ddac17e6ac9d971de9ed2973e55db6427969f58dd95afcb,yes,40,14,1,unrelated-source-association|wrong-land-versus-municipal-jurisdiction,False,29,widerspruechlich,no
409,test-kohorte-synthetik-be-079,BE,2759aad54a6dd4c08d34ee57bff225fec656c696993c81ea612e53fe892c52c2,yes,39,10,0,wrong-land-versus-municipal-jurisdiction,False,27,widerspruechlich,no
410,test-kohorte-synthetik-be-080,BE,f32d93a55c89cbfd302cd9b0c9ad97964de0466cd9bbee36c049f5013fc006c5,yes,41,11,0,unrelated-source-association|wrong-land-versus-municipal-jurisdiction,False,29,widerspruechlich,no
411,test-kohorte-synthetik-be-081,BE,9ec1805549f6136e7a214a586939c006f95568f342408526ebd91fbeb9e0e224,yes,37,13,1,unrelated-source-association|wrong-land-versus-municipal-jurisdiction,False,28,widerspruechlich,no
412,test-kohorte-synthetik-be-082,BE,04313612332f8126bac5a3c3af9ed4d9f02e862800d1dde810d5ef5309c3fecd,yes,38,12,0,wrong-land-versus-municipal-jurisdiction,True,27,widerspruechlich,no
413,test-kohorte-synthetik-be-083,BE,72f7d9ba8e814d10cdf3307b1f9e93a7070e18e08d85f6442918b7a50ba9a949,yes,40,13,0,unrelated-source-association,False,30,widerspruechlich,no
414,test-kohorte-synthetik-be-084,BE,8aa951210e5caa1fe2c1d3b9b1db77d89fe4a43560516c387c0c666ebeb51868,yes,39,11,0,,False,28,fehlender-fachlicher-nachweis,no
415,test-kohorte-synthetik-be-085,BE,e3776677af711df311498a59d7ac556d768f49b6955c6871e884883048951550,yes,39,12,0,wrong-land-versus-municipal-jurisdiction,True,27,widerspruechlich,no
416,test-kohorte-synthetik-be-086,BE,0fb7383992ee0b8553a2280eadcb3017aecf0b9f384b2f20cc6da177be069d40,yes,40,16,1,unrelated-source-association|wrong-land-versus-municipal-jurisdiction,False,30,widerspruechlich,no
417,test-kohorte-synthetik-be-087,BE,43b43fe8f1a0a74651cc99c7917eb15b0e55edc6ec98824ab6cfdf06a31fd838,yes,42,9,0,wrong-land-versus-municipal-jurisdiction|wrong-primary-source-association,False,32,widerspruechlich,no
418,test-kohorte-synthetik-be-088,BE,417c2f5dea7f3d1935550f8a8058b0994ac7c1bbd91bfff487c1ddf075dab077,yes,41,12,0,unrelated-source-association|wrong-land-versus-municipal-jurisdiction|wrong-primary-source-association,False,27,widerspruechlich,no
419,test-kohorte-synthetik-be-089,BE,95d15d1f477d7bbdf264f995b9bf576cd0a7b27f37cb89622ed5cc97f057d728,yes,39,13,1,unrelated-source-association|wrong-land-versus-municipal-jurisdiction,False,28,widerspruechlich,no
420,test-kohorte-synthetik-be-090,BE,451eb2c84cabfc53cd3c1f4bab09ac57ed1ab4312006b6a541b6c396d31de686,yes,38,13,0,unrelated-source-association|wrong-land-versus-municipal-jurisdiction,True,23,widerspruechlich,no
421,test-kohorte-synthetik-be-091,BE,a125cb3851aa212634405a7c236d468a516fda594c6a2339c8d925d2ca3b12f6,yes,41,14,0,unrelated-source-association|wrong-land-versus-municipal-jurisdiction,False,30,widerspruechlich,no
422,test-kohorte-synthetik-be-092,BE,c1f797cc4ddae85846a0819927c22c1142e06b5fd9e8a4f37f74d4bf795d5d46,yes,43,11,0,wrong-land-versus-municipal-jurisdiction,False,30,widerspruechlich,no
423,test-kohorte-synthetik-be-093,BE,3b70e1fcd1a4aa53d00da971c51b85bcf603d622f9e1cfd19bc38bf06616e421,yes,37,12,0,unrelated-source-association|wrong-land-versus-municipal-jurisdiction,False,26,widerspruechlich,no
424,test-kohorte-synthetik-be-094,BE,e0e8be90cd9c7f2fe8599a178b2de154eccc14b5819ac0c6b31beeeafbf53d78,yes,41,15,1,unrelated-source-association|wrong-land-versus-municipal-jurisdiction,False,30,widerspruechlich,no
425,test-kohorte-synthetik-be-095,BE,47399fcb778e96625b80e43d35be5dc95b5fd6c2c88bebd691424760c09d54d5,yes,40,13,0,unrelated-source-association|wrong-land-versus-municipal-jurisdiction,False,30,widerspruechlich,no
426,test-kohorte-synthetik-be-096,BE,57d8e58c3e1a12958f7d0f596cb5d8f72909047197915d748d5e6dec55d58c6b,yes,39,12,0,unrelated-source-association,False,26,widerspruechlich,no
427,test-kohorte-synthetik-be-097,BE,883a216fda25fd82127bd7af8a9e8d542fb1e563f094f6f471cc251da7ae2737,yes,37,13,1,wrong-land-versus-municipal-jurisdiction,False,24,widerspruechlich,no
428,test-kohorte-synthetik-be-098,BE,b3a29fec5983798179503286e06893c119c94e50d34a7120845c13736b5355e1,yes,38,12,0,wrong-land-versus-municipal-jurisdiction,True,26,widerspruechlich,no
429,test-kohorte-synthetik-be-099,BE,3b07ea913bd567f6d8e3bd94dcc4d3d19f96f831b89c2c2dcb7ae54b3eb4ddd0,yes,40,12,0,unrelated-source-association|wrong-land-versus-municipal-jurisdiction,False,32,widerspruechlich,no
430,test-kohorte-synthetik-be-100,BE,918e92fee3eb05d704d2eeb43a779f18987cb1aee5056dba3ce24f87dc25fdee,yes,40,11,0,wrong-land-versus-municipal-jurisdiction|wrong-primary-source-association,False,29,widerspruechlich,no
431,test-kohorte-synthetik-be-101,BE,c47d97f41b2a1bc32ef24c0998184fb2629df3a4b0babc97df19f349a268805c,yes,36,14,0,unrelated-source-association|wrong-land-versus-municipal-jurisdiction,True,24,widerspruechlich,no
432,test-kohorte-synthetik-be-102,BE,ea1b593f664efbf2a844313a1a531b1d2c22b74c87b4cd81ef62cc3a88e9a582,yes,38,12,1,unrelated-source-association|wrong-land-versus-municipal-jurisdiction,False,29,widerspruechlich,no
433,test-kohorte-synthetik-be-103,BE,b763b71c6d81b1513390f3106aaaa85bde76c088519191143e1f8ac5bcf75839,yes,39,11,0,,False,27,fehlender-fachlicher-nachweis,no
434,test-kohorte-synthetik-be-104,BE,ab4f8693790848bfa9399b3f296ac96a45bb127d6eb1bc187697027bed973765,yes,42,14,0,unrelated-source-association|wrong-land-versus-municipal-jurisdiction,False,29,widerspruechlich,no
435,test-kohorte-synthetik-be-105,BE,a86c7fbdf645a208f3eda040755f7018a91ee58b7b6abc3bcc046d0360a7812f,yes,38,11,1,unrelated-source-association,False,28,widerspruechlich,no
436,test-kohorte-synthetik-be-106,BE,9f8b2187a6758161950131d8ecbd9f13c205bcb5cae0a002585ce5bc94687e27,yes,39,12,0,unrelated-source-association|wrong-land-versus-municipal-jurisdiction,False,29,widerspruechlich,no
437,test-kohorte-synthetik-be-107,BE,63499ee70c5eb842f8c9a5f02593bbfbc69c10871987a89ddfad43f397b1ff18,yes,43,14,0,unrelated-source-association|wrong-land-versus-municipal-jurisdiction,False,32,widerspruechlich,no
438,test-kohorte-synthetik-be-108,BE,a72a04d9ebdc233fb1b3ef2d17109bb315e5dc911cae606af462964c90834e70,yes,40,12,0,wrong-land-versus-municipal-jurisdiction|wrong-primary-source-association,False,25,widerspruechlich,no
439,test-kohorte-synthetik-be-109,BE,b9e341e32779f32bfd8e8e4029b004cd1bfe2e93d291a7b4e3beed214b6e2d89,yes,39,12,0,wrong-land-versus-municipal-jurisdiction,True,26,widerspruechlich,no
440,test-kohorte-synthetik-be-110,BE,913ee3552b0afe24c3f615038961961852d8087c6baa071ce08ddc9a6dca7446,yes,39,15,1,unrelated-source-association|wrong-land-versus-municipal-jurisdiction,False,30,widerspruechlich,no
441,test-kohorte-synthetik-be-111,BE,3c67c65a659d4c7a7715e7cb1b8ec1f2edc37eb2a47cf3ceeac6cc695a0c3d6a,yes,38,10,0,unrelated-source-association|wrong-land-versus-municipal-jurisdiction,False,29,widerspruechlich,no
442,test-kohorte-synthetik-be-112,BE,16cca8c9c7d9012591489d24f17432d9388e593cf57a6cc9132f18e2b3a24341,yes,43,13,0,unrelated-source-association|wrong-land-versus-municipal-jurisdiction,False,30,widerspruechlich,no
443,test-kohorte-synthetik-be-113,BE,a7cd0fadb169dab958df3be830f2dec68e0d96ca810d24b3fc0dcf29aa5f2353,yes,37,13,1,unrelated-source-association|wrong-land-versus-municipal-jurisdiction,False,25,widerspruechlich,no
444,test-kohorte-synthetik-be-114,BE,96aa9943797336b22b8efa9db0e7abaaf731a5a99fe2ebf86a98bf2e58f01c1e,yes,39,13,0,unrelated-source-association,True,27,widerspruechlich,no
445,test-kohorte-synthetik-be-115,BE,16c19653dbeb4f6d846cff7d4f7fc3b97a4594e9b0beb2ed14069f0558fbd32d,yes,41,14,0,wrong-land-versus-municipal-jurisdiction,False,28,widerspruechlich,no
446,test-kohorte-synthetik-be-116,BE,db1f1d950cf12262dfdfc54c46f5cf6c6bb29883c3c0058eee317ed2e68565a8,yes,39,0,0,,False,33,fehlender-fachlicher-nachweis,no
447,test-kohorte-synthetik-be-117,BE,5edadda47e5636617749bb0924845aacecf6ec4c1c1a915df9295fe502b9e21d,yes,38,11,0,unrelated-source-association|wrong-land-versus-municipal-jurisdiction,False,29,widerspruechlich,no
448,test-kohorte-synthetik-be-118,BE,ed96ecbfc12fb72257b24d7c085cd6ba366b7398399af776262a01e382472858,yes,39,14,1,unrelated-source-association|wrong-land-versus-municipal-jurisdiction,False,27,widerspruechlich,no
449,test-kohorte-synthetik-be-119,BE,cfd7f414f5d1deeead2e6eaf232a5eddf9ac1522e03fdec4f1e5a70f6830afcd,yes,38,13,0,unrelated-source-association|wrong-land-versus-municipal-jurisdiction,False,27,widerspruechlich,no
450,test-kohorte-synthetik-be-120,BE,5419f3a2e27fada8b989040aebdeb9ef10a482f3acbb8381aca639bec7b6f1e0,yes,38,12,0,unrelated-source-association|wrong-land-versus-municipal-jurisdiction,False,26,widerspruechlich,no
451,test-kohorte-synthetik-bb-001,BB,ad8f3cfad357081739cdf8bc19f0afca664eb78609c38782c4a7409410536932,yes,42,4,0,source-relative-time-contradiction|wrong-land-versus-municipal-jurisdiction,False,34,widerspruechlich,no
452,test-kohorte-synthetik-bb-002,BB,c0f41d1a0b463047ddc1a9a9d3b7d532143ebd459b1f3b5fb8f8cc0cc5d9176a,yes,42,5,0,,True,35,doppelt,no
453,test-kohorte-synthetik-bb-003,BB,a5581f63a4a9786280101f7948dbf75222408d28cd485961b29ca92d262cfdd4,yes,45,4,1,,False,38,fehlender-fachlicher-nachweis,no
454,test-kohorte-synthetik-bb-004,BB,ef167259765bfde23ae35580409e4f6388bd0454e210e27d9bbe3e96db00048a,yes,45,4,0,,False,35,fehlender-fachlicher-nachweis,no
455,test-kohorte-synthetik-bb-005,BB,6fd1ef4cf0f540cde4bcf5383c745183be1bef526a349977b4ffe69100bd889a,yes,42,6,0,,True,30,doppelt,no
456,test-kohorte-synthetik-bb-006,BB,e779c0405889517938f26f14e76f938e546c6bba5832f5703cd2879bcd55b242,yes,41,5,0,source-relative-time-contradiction,False,32,widerspruechlich,no
457,test-kohorte-synthetik-bb-007,BB,d0e7cc7cbfa579121a394e96aed905c8d104a10c07785fcf2f99f5c9f195925e,yes,46,4,0,,False,38,fehlender-fachlicher-nachweis,no
458,test-kohorte-synthetik-bb-008,BB,520f2f4a3f23a581c822c91fee00d01aae78b32937af0ff0c092a726be91f8a5,yes,44,4,1,source-relative-time-contradiction,False,36,widerspruechlich,no
459,test-kohorte-synthetik-bb-009,BB,f9db1b2ea8a26cf996a72fd07f80db5f789f3ae7c5b81563da67ac20deab2f36,yes,41,2,0,,False,36,fehlender-fachlicher-nachweis,no
460,test-kohorte-synthetik-bb-010,BB,753f5188bad544cb5376a60653b824ec1797b167aa3e53b625ecfd96bfebea98,yes,45,4,0,,False,36,fehlender-fachlicher-nachweis,no
461,test-kohorte-synthetik-bb-011,BB,1eee54017a1ceb7c5d9ef5a469fc15ec21fa69d5e6e2638a43703aae246ebbcd,yes,42,6,1,,False,35,fehlender-fachlicher-nachweis,no
462,test-kohorte-synthetik-bb-012,BB,da1caddaa6bf50bde7407f3152a175a0b40f11e8b062965722e4efd1dabf36f1,yes,44,4,0,,False,36,fehlender-fachlicher-nachweis,no
463,test-kohorte-synthetik-bb-013,BB,0cf3b312cb99d326d10abbd63707ab65081810cb5fdb44d5b902864f5fb44563,yes,42,7,0,source-relative-time-contradiction,True,32,widerspruechlich,no
464,test-kohorte-synthetik-bb-014,BB,f3450bad48775b6efc9cb663f4b4b5690142352430f98733c8709dc3bb953a81,yes,43,6,0,,False,38,fehlender-fachlicher-nachweis,no
465,test-kohorte-synthetik-bb-015,BB,8385f171ff5dde4c774df935eb6511b3a64b9ca131d95300628000771b180c0d,yes,42,3,0,,False,38,fehlender-fachlicher-nachweis,no
466,test-kohorte-synthetik-bb-016,BB,cee3d6bf0db7b0085b3e39d1562e8bd30ba935fc9b285b31649f624f0e53dae5,yes,46,4,1,source-relative-time-contradiction,False,35,widerspruechlich,no
467,test-kohorte-synthetik-bb-017,BB,5caba5daed2545f8c6e67469c93d87851de6d0897b9f5f1a8965affbec94851f,yes,43,4,0,,False,33,fehlender-fachlicher-nachweis,no
468,test-kohorte-synthetik-bb-018,BB,05f6c0295c394b4f789c5b8fdc0647c1c902d7bd1725f221afd274da2df7efb4,yes,44,5,0,,True,33,doppelt,no
469,test-kohorte-synthetik-bb-019,BB,8a03384bb78fa3112fe5b4288d73f53fc925072b3f44d633a364177eb4b2dfad,yes,43,6,1,source-relative-time-contradiction,False,38,widerspruechlich,no
470,test-kohorte-synthetik-bb-020,BB,e2694b632015e657fef228469c1de822a5c9744ced0c3be892078215b1ab8aad,yes,43,4,0,,False,34,fehlender-fachlicher-nachweis,no
471,test-kohorte-synthetik-bb-021,BB,faa974f0bdc286813dc75bee9ff80467b7d703780c03777f9e377a9608da66c9,yes,41,5,0,,True,31,doppelt,no
472,test-kohorte-synthetik-bb-022,BB,a196fc58469e8149dbda8dd4d87cf57de4a66bb2b22f3f713888621b54c4a153,yes,45,6,0,,False,36,fehlender-fachlicher-nachweis,no
473,test-kohorte-synthetik-bb-023,BB,0f6c7851172b9a92513967047ca6a7b92beca0a91d65e22984c2c58e8f6d4d01,yes,47,4,0,wrong-land-versus-municipal-jurisdiction,False,40,widerspruechlich,no
474,test-kohorte-synthetik-bb-024,BB,be6185ec1296bca4e434d317de6605e98050b6401daa728cd6b38946f48c783f,yes,41,4,1,source-relative-time-contradiction,False,32,widerspruechlich,no
475,test-kohorte-synthetik-bb-025,BB,af48851d77d07d39a96e3e6e7f1d3d63b750931db521b1d008815ffa138e1677,yes,42,4,0,,False,34,fehlender-fachlicher-nachweis,no
476,test-kohorte-synthetik-bb-026,BB,9224c2e4e386ff1eed301aa3ad53b2dba9f85f895e51ecc3f54fa8b08bad7998,yes,43,5,0,,True,34,doppelt,no
477,test-kohorte-synthetik-bb-027,BB,1f8fb71aedb011b64779f9cdac6ffcc7c7e23bd7afb4277bd0ed9f625fbdf789,yes,44,5,1,source-relative-time-contradiction,False,36,widerspruechlich,no
478,test-kohorte-synthetik-bb-028,BB,a55444e2c45e5e79dbbd800b6a7de8ba8fa4ac092e33ec60c60c6230882ff6e5,yes,44,4,0,,False,37,fehlender-fachlicher-nachweis,no
479,test-kohorte-synthetik-bb-029,BB,26a60868d33c803871527adf4e2e23364a6177ece9002f41df13bd8323faa80c,yes,40,5,0,unrelated-source-association,True,31,widerspruechlich,no
480,test-kohorte-synthetik-bb-030,BB,21ac9be76df60dbf6e2c3af37fad7f7a2d0b3407aa03fdcdb0075c8fdfc6ce8b,yes,44,5,0,,False,35,fehlender-fachlicher-nachweis,no
481,test-kohorte-synthetik-bb-031,BB,539d62a21ebfe01ee9c96b5ae476b7ef4f61f9f2e4f6289e3df2b18230e5c3db,yes,47,4,0,,False,40,fehlender-fachlicher-nachweis,no
482,test-kohorte-synthetik-bb-032,BB,c805c222c6be1344b2d47cca47431c39b536021c3fd932f4b5c21145697d0e78,yes,46,4,1,source-relative-time-contradiction,False,40,widerspruechlich,no
483,test-kohorte-synthetik-bb-033,BB,e3a214b7bef01b3a6a782f1ede5ba6ddf6e3c8a789bb23dc3f83625a34486c82,yes,42,3,0,,False,35,fehlender-fachlicher-nachweis,no
484,test-kohorte-synthetik-bb-034,BB,ffe059d97e143a1ba005ff2ecfec9ce598a65caf0da9177dd90d7c5c1091dd48,yes,45,4,0,,False,38,fehlender-fachlicher-nachweis,no
485,test-kohorte-synthetik-bb-035,BB,36cd6a646d7f837dceccb94d899f054225a450e5be8d78b1fb235744fa2df0e4,yes,42,6,1,,False,34,fehlender-fachlicher-nachweis,no
486,test-kohorte-synthetik-bb-036,BB,86dbfe26849278c599fb547048035a8baa712d0793d932a8ed39b6fe9e7c398d,yes,40,4,0,,False,33,fehlender-fachlicher-nachweis,no
487,test-kohorte-synthetik-bb-037,BB,0962a81b7f4167e154f446a1a74208087df1c540f2ef003f3877a953094feb7a,yes,41,6,0,source-relative-time-contradiction,True,33,widerspruechlich,no
488,test-kohorte-synthetik-bb-038,BB,4eeeef7eb05950aefcd6adef902fd8899afc70090cb2ca2d1cb54dcb4b6e3f02,yes,44,6,0,,False,39,fehlender-fachlicher-nachweis,no
489,test-kohorte-synthetik-bb-039,BB,0d83ef531ceba0d5b96ba23d9688275bdbc7a01256505e79c223d4a80f98403e,yes,42,3,0,,False,37,fehlender-fachlicher-nachweis,no
490,test-kohorte-synthetik-bb-040,BB,28757aa989ab7df0ba32a8ede00be876ef9f9c97a99db4f1a39beb0626512117,yes,41,4,1,,False,32,fehlender-fachlicher-nachweis,no
491,test-kohorte-synthetik-bb-041,BB,2ed310dfc5ec19a2f3aa3020170725e519c43930f34d7bbedea061b95eab6aee,yes,43,4,0,,False,33,fehlender-fachlicher-nachweis,no
492,test-kohorte-synthetik-bb-042,BB,3461d749c0093a736eb6541b39cb91e599fbefb66f16b8ffab65ba14e0c59c80,yes,45,5,0,,True,37,doppelt,no
493,test-kohorte-synthetik-bb-043,BB,ae677255cf2e23bfbadc9d4a7c6b10dcbada6b8ee1bb3a54512dc93c674378f9,yes,46,6,1,source-relative-time-contradiction,False,39,widerspruechlich,no
494,test-kohorte-synthetik-bb-044,BB,979a45e9ff74f48635dadce7a39b49edbe1d37436e3c63cd97c9f1c0c6b569b0,yes,44,4,0,,False,37,fehlender-fachlicher-nachweis,no
495,test-kohorte-synthetik-bb-045,BB,3d81f52f27b2e436caf6f549b12e41bd7e8d48b13792c19a11dee624a689e263,yes,40,6,0,source-relative-time-contradiction,True,29,widerspruechlich,no
496,test-kohorte-synthetik-bb-046,BB,4f3fade4512874447363bbd9f95a86fb7774e908a5f0ec9b5d214c44428f6c8f,yes,44,6,0,unrelated-source-association,False,35,widerspruechlich,no
497,test-kohorte-synthetik-bb-047,BB,05a63127c96f74c995d3eddfe903018ceb09fe857bedb123ded36e86c50b8144,yes,44,4,0,,False,37,fehlender-fachlicher-nachweis,no
498,test-kohorte-synthetik-bb-048,BB,30839ac887793bda3194a47df8349567a89a4ced7846a58e15ee3a87031c36b8,yes,46,4,1,source-relative-time-contradiction,False,34,widerspruechlich,no
499,test-kohorte-synthetik-bb-049,BB,9b839cbeb419690dc6ae599c7f17b8308e184d3bef68d29fb3f7ebd51070fa85,yes,45,4,0,,False,37,fehlender-fachlicher-nachweis,no
500,test-kohorte-synthetik-bb-050,BB,ba2accca5bb277f43ffe3e62a55bf4e8b3013d673fbaead89146348ffebf1258,yes,42,5,0,,True,35,doppelt,no
