"Nr","Block","Publisher","Retrieval_Rolle","Status","Vorhandener_Publisher","Vorhandener_Retrieval_Path","Vorhandener_Parser_Fetcher","Zuordnung_Source_Package","Aktivitaetsstatus","Moegliche_Dubletten","Google_News_Ersatzweg"
"1","1 (BMG/Public Health/Digital)","Bundesministerium für Gesundheit (BMG)","Aktueller Fachsignalstrom (Pressemitteilungen, Reformen, Krankenhauspolitik, Pflege, Arzneimittel, Digitalisierung)","teilweise vorhanden","Ja – Publisher/Entität existiert: ministry-bmg (seeds/entities.js), publisher-bundesgesundheitsministerium.de (seeds/publishers.js; live in supabase/seeds/20260713_source_architecture_seed.sql Zeile 165); Trust ""hoch"" in sourceSafety.js OFFICIAL_DOMAINS (bmg.bund.de + bundesgesundheitsministerium.de)","Nur Teilausschnitt vorhanden: rp-news-bundesgesundheitsministerium-pflege (""BMG Pflege"", Google-News-Proxy, nur Pflege-Keywords). Kein Weg auf /service/rss-feed (voller Signalstrom).","Generischer Google-News-Parser (googlenews-batchexecute, lib/helmut/quellenarchitektur/catalog.js). Kein RSS-Parser für den BMG-Feed selbst, da Direktweg fehlt.","Vorhandener Teilweg gehört zu pkg-arbeit-und-soziales (lib/helmut/quellenarchitektur/seeds/packages.js). Kein Paket gesundheit-und-pflege vorhanden (weder in packages.js noch in Supabase-Seed/Migration).","Aktiv im Live-Crawl (status ""needs_review"", activation_mode ""auto"", Paket arbeit-und-soziales aktiv) – deckt aber nur den Pflege-Ausschnitt, nicht den vollen Signalstrom.","Keine harte Dublette; thematische Überlappung mit committee-gesundheit (Bundestags-Ausschuss-Radar, neutral/immer aktiv) und radar-pflege/signal-pflegekrise.","Ja – news-bundesgesundheitsministerium-pflege: site:bundesgesundheitsministerium.de (Pflege OR Pflegeversicherung OR Pflegekräfte), Priorität 80."
"2","1 (BMG/Public Health/Digital)","Bundesministerium für Gesundheit (BMG)","Gesetze und Verordnungen (Referentenentwürfe, Regierungsentwürfe, Verordnungen, Inkrafttreten)","teilweise vorhanden","Ja – identischer Publisher-Eintrag wie Nr. 1 (ministry-bmg); ausschließlich dieser Eintrag begründet den Teilstatus.","Nein – kein Weg auf /service/gesetze-und-verordnungen. Die einzige BMG-Quelle (Pflege-Google-News, Nr. 1) deckt keine Gesetzes-/Verordnungstexte ab.","Kein spezifischer Parser vorhanden. DIP-API (rp-dip, Parser dip-json) deckt Bundestags-Gesetzgebung generisch ab, aber nicht ministeriumsspezifisch gefiltert.","Keine – Retrieval Path fehlt vollständig; gesundheit-und-pflege existiert nicht als Paket.","Kein Weg vorhanden, daher keine Aktivität zu dieser Rolle.","Potenzielle künftige Überlappung mit DIP (rp-dip, Bundestags-Gesetzgebungsprozess) sowie mit Nr. 1, falls künftig unstrukturiert derselbe BMG-Feed doppelt angelegt würde.","Nein – keine Google-News-Quelle mit Fokus auf Gesetze/Verordnungen des BMG im Katalog."
"3","1 (BMG/Public Health/Digital)","Robert Koch-Institut (RKI)","Surveillance und Gesundheitsberichterstattung (Infektionslage, Monitoring, Berichte, Dashboards)","fehlt vollständig","Nein – kein Eintrag in seeds/publishers.js, seeds/entities.js oder sourceSafety.js OFFICIAL_DOMAINS für rki.de.","Nein.","Nein.","Keine.","Nicht anwendbar (keine Quelle vorhanden).","Keine erkennbar.","Nein – keine RKI-bezogene Google-News-Quelle im Katalog."
"4","1 (BMG/Public Health/Digital)","Bundesinstitut für Öffentliche Gesundheit (BIÖG, ehem. BZgA)","Prävention und Gesundheitskommunikation","fehlt vollständig","Nein – auch keine Treffer für den historischen Aliasnamen BZgA/Bundeszentrale für gesundheitliche Aufklärung.","Nein.","Nein.","Keine.","Nicht anwendbar.","Keine erkennbar.","Nein."
"5","1 (BMG/Public Health/Digital)","gematik","Telematikinfrastruktur und digitale Versorgung (ePA, E-Rezept, TI-Dashboard)","fehlt vollständig","Nein – kein Eintrag für gematik.de in Publisher-, Entitäts- oder Trust-Registern.","Nein.","Nein.","Keine.","Nicht anwendbar.","Keine erkennbar.","Nein – trotz Relevanz für ePA/E-Rezept keine bestehende Google-News-Ersatzquelle."
"6","2 (Regulierung/Qualität/Arzneimittel)","Gemeinsamer Bundesausschuss (G-BA)","Beschlüsse und Richtlinien","fehlt vollständig","Nein – kein Eintrag für g-ba.de.","Nein.","Nein.","Keine.","Nicht anwendbar.","Keine erkennbar.","Nein."
"7","2 (Regulierung/Qualität/Arzneimittel)","IQWiG","Nutzen- und Evidenzbewertungen","fehlt vollständig","Nein – kein Eintrag für iqwig.de.","Nein.","Nein.","Keine.","Nicht anwendbar.","Keine erkennbar.","Nein."
"8","2 (Regulierung/Qualität/Arzneimittel)","IQTIG","Qualitätssicherung und Transparenz","fehlt vollständig","Nein – kein Eintrag für iqtig.org.","Nein – Masterpaket vermerkt in 05_FINALER_PFLICHTKERN.csv ""RSS vorhanden, main prüfen""; auf main nicht auffindbar (weder Domain noch RSS-Konfiguration in sources.js, quellenarchitektur/* oder Supabase-Seed).","Nein.","Keine.","Nicht anwendbar.","Keine erkennbar.","Nein."
"9","2 (Regulierung/Qualität/Arzneimittel)","BfArM","Arzneimittel, Medizinprodukte, Engpässe und DiGA","fehlt vollständig","Nein – kein Eintrag für bfarm.de.","Nein.","Nein.","Keine.","Nicht anwendbar.","Keine erkennbar.","Nein."
"10","2 (Regulierung/Qualität/Arzneimittel)","Paul-Ehrlich-Institut (PEI)","Impfstoffe und biomedizinische Arzneimittel","fehlt vollständig","Nein – kein Eintrag für pei.de.","Nein.","Nein.","Keine.","Nicht anwendbar.","Keine erkennbar.","Nein."
"11","2 (Regulierung/Qualität/Arzneimittel)","Bundesamt für Soziale Sicherung (BAS)","Finanzierung und Kassenaufsicht","fehlt vollständig","Nein – kein Eintrag für bundesamtsozialesicherung.de.","Nein.","Nein.","Keine.","Nicht anwendbar.","Keine erkennbar.","Nein."
"12","2 (Regulierung/Qualität/Arzneimittel)","Destatis","Kuratiertes Gesundheits- und Pflegedatenset (Krankenhäuser, Pflegebedürftige, Pflegeeinrichtungen, Gesundheitspersonal, Ausgaben, Todesursachen)","teilweise vorhanden","Ja – statoffice-destatis / publisher-destatis.de (seeds/entities.js; seeds/publishers.js; live in SQL-Seed Zeile 128/162); Trust ""hoch"", in OFFICIAL_DOMAINS.","Nur generisch vorhanden: rp-news-destatis-soziales (""Destatis Sozialdaten"", Google-News-Proxy, u. a. Pflege-Keyword). Kein strukturierter Tabellen-/GENESIS-Zugriff auf die geforderten kuratierten Bereiche.","Generischer Google-News-Parser. Kein structured_download/API-Parser für Destatis-Tabellen (Methode ""structured_download"" ist im Modell als Enum vorgesehen, aber für Destatis ungenutzt).","rp-news-destatis-soziales gehört zu pkg-arbeit-und-soziales. Keine Zuordnung zu gesundheit-und-pflege.","Aktiv im Live-Crawl (needs_review/auto, Paket aktiv) – deckt nur Nachrichtensuche, kein Datenset.","Risiko einer zweiten, konkurrierenden Destatis-Quelle, falls ein neuer Weg nicht auf den bestehenden Publisher-Eintrag (publisher-destatis.de) aufsetzt.","Ja – news-destatis-soziales: site:destatis.de (Armut OR Einkommen OR Arbeitsmarkt OR Pflege OR Rente), Priorität 82."
"13","3 (Berlin)","Berliner Gesundheits- und Pflegeverwaltung (SenWGPG)","Fachlicher Signalstrom (Krankenhausrecht, Landespflegeplan, ÖGD, Digitalisierung)","teilweise vorhanden","Kein eigener Eintrag. Generischer Publisher ""berlin.de"" (Land Berlin – Landespressedienst, government-berlin-senat) existiert nur als VORBEREITETER Landesmodul-Seed (lib/helmut/quellenarchitektur/seeds/landesmodule-quellen.js), nicht aktiv.","Kein eigener Weg. Ein vorbereiteter LPD-Sammelfeed (berlin.de, Google-News-Proxy) könnte die Senatsverwaltung künftig per institutions[]-Filter erfassen – Status ""needs_review""/""manual"", Paket berlin-basis = ""prepared"" (inaktiv).","Kein dedizierter Parser; vorbereiteter LPD-Feed wäre googlenews-batchexecute.","Nur über das inaktive, vorbereitete Paket pkg-berlin-basis denkbar. Keine Zuordnung zu gesundheit-und-pflege.","Inaktiv – Paket berlin-basis ist vollständig ""prepared"", kein aktiver Crawl, Landesmodul laut docs ""hart gesperrt"".","Ja – Gefahr einer Doppelanlage derselben Senatsverwaltung, falls ein neuer Weg nicht auf den vorbereiteten LPD-Sammelfeed aufsetzt (Dedup-Hinweis: ""landesregierung ⊃ staatskanzlei ⊃ ministerien"" läuft über EINEN Feed).","Nur der vorbereitete, inaktive Weg (googlenews_search, ""Senat Berlin site:berlin.de"")."
"14","3 (Berlin)","LAGeSo Berlin","Vollzug und Aufsicht (Pflegeaufsicht, Gesundheitsschutz, Arzneimittel/Apotheken, Infektionsschutz)","fehlt vollständig","Nein.","Nein – LAGeSo ist auch keine der 15 generischen Landesmodul-Pflichtklassen (landesparlament/plenum/.../ministerien); als reine Vollzugsbehörde bisher nicht im Landesmodul-Konzept vorgesehen.","Nein.","Keine.","Nicht anwendbar.","Keine erkennbar.","Nein."
"15","3 (Berlin)","Amt für Statistik Berlin-Brandenburg","Berliner Gesundheits- und Pflegedaten","teilweise vorhanden","Nur Entitäts-Stub – statoffice-berlin-brandenburg (seeds/entities.js, AUTHORITIES), ohne zugehörigen Publisher-/Domain-Eintrag, ohne Retrieval Path.","Nein.","Nein.","Keine.","Nicht anwendbar (nur Entitätsreferenz für Text-Matching, kein Datenzugang).","Dieselbe Behörde/Domain wie Nr. 18 (Brandenburg) – EIN Amt bedient zwei Pflichtpfade; bei technischer Umsetzung als EIN Weg mit zwei Datensätzen/Filtern zu führen (Analogie zum bestehenden rbb24-Dedup-Muster Berlin+Brandenburg).","Nein."
"16","4 (Brandenburg)","Brandenburger Gesundheits- und Pflegeressort (MASGZ)","Fachlicher Signalstrom (Krankenhausreform, Pakt für Pflege, ÖGD, Fachkräfte)","teilweise vorhanden","Kein eigener Eintrag. Generische Publisher ""landesregierung-brandenburg.de""/""brandenburg.de"" existieren nur als vorbereiteter Landesmodul-Seed (seeds/landesmodule-quellen.js, seeds/landesmodule-kandidaten.js), nicht aktiv.","Kein eigener Weg. Ein vorbereiteter bbo_rss-Sammelfeed (Google-News-Proxy ""Landesregierung Brandenburg"") könnte das Ressort künftig als Teilmenge erfassen – Status ""needs_review""/""manual"", Paket brandenburg-basis = ""prepared"" (inaktiv).","Kein dedizierter Parser; wäre googlenews-batchexecute.","Nur über das inaktive, vorbereitete Paket pkg-brandenburg-basis denkbar.","Inaktiv – Paket brandenburg-basis vollständig ""prepared"", Landesmodul laut docs ""hart gesperrt"".","Ja – analog Nr. 13; laut Dedup-Hinweis läuft ""landesregierung ⊃ ministerien"" über EINEN bbo_rss-Feed, nicht separat je Ressort.","Nur der vorbereitete, inaktive Weg (googlenews_search, ""Landesregierung Brandenburg"")."
"17","4 (Brandenburg)","LAVG Brandenburg","Gesundheitsberichterstattung, Vollzug und Aufsicht","fehlt vollständig","Nein.","Nein – LAVG ist ebenfalls keine der 15 generischen Landesmodul-Pflichtklassen.","Nein.","Keine.","Nicht anwendbar.","Keine erkennbar.","Nein."
"18","4 (Brandenburg)","Amt für Statistik Berlin-Brandenburg","Brandenburger Gesundheits- und Pflegedaten","teilweise vorhanden","Nur derselbe Entitäts-Stub wie Nr. 15 (statoffice-berlin-brandenburg), kein Publisher-/Domain-Eintrag, kein Retrieval Path.","Nein.","Nein.","Keine.","Nicht anwendbar.","Dieselbe Behörde/Domain wie Nr. 15 – siehe dort.","Nein."
